time,price,number
Aug 19 2013 01 0,24.95,1
Aug 20 2013 01 0,19.98,1
Aug 23 2013 01 0,19.978,1
Aug 24 2013 01 0,57.536,1
Aug 27 2013 01 0,35.356,3
Aug 28 2013 01 0,35.34,1
Sep 01 2013 01 0,44.926,4
Sep 02 2013 01 0,38.207,5
Sep 06 2013 01 0,42.32,1
Sep 08 2013 01 0,28.75,1
Sep 09 2013 01 0,55.563,3
Sep 10 2013 01 0,67.594,1
Sep 11 2013 01 0,63.907,2
Sep 12 2013 01 0,70.955,2
Sep 13 2013 01 0,62.725,3
Sep 14 2013 01 0,65.201,2
Sep 15 2013 01 0,63.73,2
Sep 16 2013 01 0,58.65,1
Sep 17 2013 01 0,58.984,5
Sep 18 2013 01 0,58.493,2
Sep 19 2013 01 0,66.5,1
Sep 20 2013 01 0,68.963,3
Sep 21 2013 01 0,71.269,2
Sep 22 2013 01 0,68.02,1
Sep 23 2013 01 0,66.536,4
Sep 24 2013 01 0,69.901,3
Sep 25 2013 01 0,75.92,1
Sep 26 2013 01 0,61.242,5
Sep 28 2013 01 0,80.372,3
Sep 29 2013 01 0,74.75,1
Sep 30 2013 01 0,74.861,2
Oct 01 2013 01 0,63.379,3
Oct 02 2013 01 0,73.227,4
Oct 04 2013 01 0,76.526,2
Oct 05 2013 01 0,69.012,1
Oct 06 2013 01 0,85.53,2
Oct 07 2013 01 0,84.358,2
Oct 08 2013 01 0,75.348,2
Oct 09 2013 01 0,82.989,3
Oct 10 2013 01 0,75.003,3
Oct 11 2013 01 0,94.777,1
Oct 12 2013 01 0,77.863,2
Oct 13 2013 01 0,86.644,4
Oct 14 2013 01 0,98.616,2
Oct 17 2013 01 0,83.953,3
Oct 18 2013 01 0,82.032,3
Oct 19 2013 01 0,88.246,2
Oct 20 2013 01 0,87.823,5
Oct 21 2013 01 0,96.511,3
Oct 22 2013 01 0,89.234,1
Oct 23 2013 01 0,92.296,2
Oct 24 2013 01 0,92,1
Oct 25 2013 01 0,95.452,4
Oct 26 2013 01 0,102.986,1
Oct 27 2013 01 0,99.297,3
Oct 28 2013 01 0,102.596,2
Oct 29 2013 01 0,86.614,2
Oct 30 2013 01 0,88.32,1
Oct 31 2013 01 0,85.047,3
Nov 01 2013 01 0,91.981,3
Nov 02 2013 01 0,89.954,5
Nov 03 2013 01 0,88.48,4
Nov 04 2013 01 0,95.088,4
Nov 05 2013 01 0,101.869,2
Nov 06 2013 01 0,78.127,3
Nov 07 2013 01 0,85.11,1
Nov 08 2013 01 0,93.861,3
Nov 09 2013 01 0,84.411,1
Nov 10 2013 01 0,87.208,2
Nov 11 2013 01 0,89.235,3
Nov 12 2013 01 0,73.443,5
Nov 13 2013 01 0,88.312,1
Nov 14 2013 01 0,67.329,5
Nov 15 2013 01 0,85.635,8
Nov 16 2013 01 0,92.548,3
Nov 17 2013 01 0,77.047,2
Nov 18 2013 01 0,91.458,1
Nov 19 2013 01 0,81.289,2
Nov 20 2013 01 0,89.45,6
Nov 21 2013 01 0,93.969,2
Nov 24 2013 01 0,89.242,2
Nov 25 2013 01 0,87.686,1
Nov 26 2013 01 0,84.562,5
Nov 27 2013 01 0,81.016,6
Nov 28 2013 01 0,101.745,2
Nov 29 2013 01 0,85.786,3
Nov 30 2013 01 0,92.753,9
Dec 01 2013 01 0,97.398,4
Dec 02 2013 01 0,91.726,5
Dec 03 2013 01 0,109.175,2
Dec 04 2013 01 0,98.786,3
Dec 05 2013 01 0,108.7,5
Dec 06 2013 01 0,70.452,3
Dec 07 2013 01 0,91.476,4
Dec 08 2013 01 0,108.063,4
Dec 09 2013 01 0,108.05,2
Dec 10 2013 01 0,112.412,3
Dec 11 2013 01 0,101.538,3
Dec 12 2013 01 0,112.786,2
Dec 13 2013 01 0,115.639,6
Dec 14 2013 01 0,124.736,1
Dec 15 2013 01 0,114.787,3
Dec 16 2013 01 0,105.34,2
Dec 17 2013 01 0,103.5,1
Dec 18 2013 01 0,117.717,2
Dec 19 2013 01 0,98.512,3
Dec 20 2013 01 0,95.876,3
Dec 21 2013 01 0,102.883,6
Dec 22 2013 01 0,103.64,5
Dec 23 2013 01 0,96.11,7
Dec 24 2013 01 0,102.103,2
Dec 25 2013 01 0,105.089,5
Dec 26 2013 01 0,111.171,7
Dec 27 2013 01 0,114.088,6
Dec 28 2013 01 0,112.934,6
Dec 29 2013 01 0,112.001,4
Dec 30 2013 01 0,102.641,1
Dec 31 2013 01 0,104.93,8
Jan 01 2014 01 0,109.777,5
Jan 02 2014 01 0,109.031,5
Jan 03 2014 01 0,106.622,5
Jan 04 2014 01 0,104.837,3
Jan 05 2014 01 0,109.647,5
Jan 06 2014 01 0,108.719,5
Jan 07 2014 01 0,105.436,3
Jan 08 2014 01 0,100.17,8
Jan 09 2014 01 0,111.055,6
Jan 10 2014 01 0,86.464,5
Jan 11 2014 01 0,122.623,6
Jan 12 2014 01 0,118.878,4
Jan 13 2014 01 0,108.259,7
Jan 14 2014 01 0,105.68,5
Jan 15 2014 01 0,113.181,3
Jan 16 2014 01 0,106.61,3
Jan 17 2014 01 0,115.908,6
Jan 18 2014 01 0,107.327,9
Jan 19 2014 01 0,96.248,10
Jan 20 2014 01 0,116.895,6
Jan 21 2014 01 0,108.372,3
Jan 22 2014 01 0,113.222,5
Jan 23 2014 01 0,116.15,4
Jan 24 2014 01 0,115.595,9
Jan 25 2014 01 0,113.275,4
Jan 26 2014 01 0,120.081,4
Jan 27 2014 01 0,109.386,3
Jan 28 2014 01 0,128.82,4
Jan 29 2014 01 0,105.024,6
Jan 30 2014 01 0,116.797,9
Jan 31 2014 01 0,116.874,4
Feb 01 2014 01 0,123.251,7
Feb 02 2014 01 0,115.277,6
Feb 03 2014 01 0,115.513,8
Feb 04 2014 01 0,117.71,7
Feb 05 2014 01 0,115.944,4
Feb 06 2014 01 0,120.469,6
Feb 07 2014 01 0,116.732,6
Feb 08 2014 01 0,120.57,8
Feb 09 2014 01 0,123.233,2
Feb 10 2014 01 0,115.873,6
Feb 11 2014 01 0,115.808,7
Feb 12 2014 01 0,117.191,7
Feb 13 2014 01 0,117.136,5
Feb 14 2014 01 0,120.755,5
Feb 15 2014 01 0,124.25,4
Feb 16 2014 01 0,121.003,3
Feb 17 2014 01 0,123.989,6
Feb 18 2014 01 0,112.547,6
Feb 19 2014 01 0,114.635,5
Feb 20 2014 01 0,116.501,9
Feb 21 2014 01 0,119.078,4
Feb 22 2014 01 0,121.407,5
Feb 23 2014 01 0,120.307,8
Feb 24 2014 01 0,110.278,9
Feb 25 2014 01 0,119.239,10
Feb 26 2014 01 0,116.492,5
Feb 27 2014 01 0,117.753,5
Feb 28 2014 01 0,114.836,9
Mar 01 2014 01 0,122.317,5
Mar 02 2014 01 0,106.683,11
Mar 03 2014 01 0,112.672,8
Mar 04 2014 01 0,113.648,6
Mar 05 2014 01 0,113.937,7
Mar 06 2014 01 0,118.88,9
Mar 07 2014 01 0,124.409,6
Mar 08 2014 01 0,127.823,11
Mar 09 2014 01 0,119.211,8
Mar 10 2014 01 0,123.908,8
Mar 11 2014 01 0,127.248,3
Mar 12 2014 01 0,121.305,8
Mar 13 2014 01 0,128.637,7
Mar 14 2014 01 0,132.984,7
Mar 15 2014 01 0,129.908,8
Mar 16 2014 01 0,121.09,8
Mar 17 2014 01 0,123.939,8
Mar 18 2014 01 0,123.596,10
Mar 19 2014 01 0,124.012,4
Mar 20 2014 01 0,132.907,6
Mar 21 2014 01 0,129.776,9
Mar 22 2014 01 0,113.415,7
Mar 23 2014 01 0,130.521,8
Mar 24 2014 01 0,126.3,6
Mar 25 2014 01 0,132.829,7
Mar 26 2014 01 0,136.609,8
Mar 27 2014 01 0,127.878,4
Mar 28 2014 01 0,128.852,9
Mar 29 2014 01 0,137.031,5
Mar 30 2014 01 0,129.773,6
Mar 31 2014 01 0,127.398,7
Apr 01 2014 01 0,134.475,2
Apr 02 2014 01 0,133.846,5
Apr 03 2014 01 0,132.867,6
Apr 04 2014 01 0,142.961,7
Apr 05 2014 01 0,136.497,5
Apr 06 2014 01 0,140.076,5
Apr 07 2014 01 0,130.227,7
Apr 08 2014 01 0,138.127,5
Apr 09 2014 01 0,137.555,3
Apr 10 2014 01 0,123.555,2
Apr 11 2014 01 0,134.533,10
Apr 12 2014 01 0,141.71,8
Apr 13 2014 01 0,141.317,6
Apr 14 2014 01 0,136.915,6
Apr 15 2014 01 0,145.008,5
Apr 16 2014 01 0,140.913,10
Apr 17 2014 01 0,141.99,8
Apr 18 2014 01 0,140.486,7
Apr 19 2014 01 0,140.322,9
Apr 20 2014 01 0,151.541,6
Apr 21 2014 01 0,149.095,9
Apr 22 2014 01 0,150.329,8
Apr 23 2014 01 0,155.991,5
Apr 24 2014 01 0,147.948,9
Apr 25 2014 01 0,150.017,13
Apr 26 2014 01 0,151.786,4
Apr 27 2014 01 0,142.412,12
Apr 28 2014 01 0,134.484,9
Apr 29 2014 01 0,139.046,9
Apr 30 2014 01 0,154.505,14
May 01 2014 01 0,140.568,8
May 02 2014 01 0,145.855,12
May 03 2014 01 0,145.79,12
May 04 2014 01 0,145.35,15
May 05 2014 01 0,146.819,12
May 06 2014 01 0,154.93,5
May 07 2014 01 0,151.802,8
May 08 2014 01 0,132.846,8
May 09 2014 01 0,135.22,13
May 10 2014 01 0,158.414,7
May 11 2014 01 0,151.232,7
May 12 2014 01 0,144.955,7
May 13 2014 01 0,135.898,6
May 14 2014 01 0,139.119,13
May 15 2014 01 0,138.598,11
May 16 2014 01 0,140.134,5
May 17 2014 01 0,136.579,7
May 18 2014 01 0,133.79,13
May 19 2014 01 0,137.937,8
May 20 2014 01 0,142.826,9
May 21 2014 01 0,147.068,8
May 22 2014 01 0,145.407,5
May 23 2014 01 0,144.395,12
May 24 2014 01 0,141.039,8
May 25 2014 01 0,142.688,6
May 26 2014 01 0,138.378,12
May 27 2014 01 0,137.959,11
May 28 2014 01 0,140.507,6
May 29 2014 01 0,137.314,5
May 30 2014 01 0,137.027,14
May 31 2014 01 0,139.109,9
Jun 01 2014 01 0,137.518,12
Jun 02 2014 01 0,133.061,11
Jun 03 2014 01 0,135.731,7
Jun 04 2014 01 0,136.401,7
Jun 05 2014 01 0,134.771,9
Jun 06 2014 01 0,143.952,13
Jun 07 2014 01 0,141.589,7
Jun 08 2014 01 0,136.649,10
Jun 09 2014 01 0,137.529,6
Jun 10 2014 01 0,136.447,5
Jun 11 2014 01 0,138.401,11
Jun 12 2014 01 0,139.065,11
Jun 13 2014 01 0,142.453,14
Jun 14 2014 01 0,146.103,8
Jun 15 2014 01 0,144.006,11
Jun 16 2014 01 0,140.437,9
Jun 17 2014 01 0,145.477,7
Jun 18 2014 01 0,141.967,6
Jun 19 2014 01 0,140.889,12
Jun 20 2014 01 0,134.459,11
Jun 21 2014 01 0,133.173,15
Jun 22 2014 01 0,133.082,9
Jun 23 2014 01 0,134.32,8
Jun 24 2014 01 0,131.875,8
Jun 25 2014 01 0,133.665,11
Jun 26 2014 01 0,132.137,11
Jun 27 2014 01 0,136.604,6
Jun 28 2014 01 0,134.245,10
Jun 29 2014 01 0,129.376,9
Jun 30 2014 01 0,142.934,12
Jul 01 2014 01 0,142.197,7
Jul 02 2014 01 0,135.718,12
Jul 03 2014 01 0,136.477,13
Jul 04 2014 01 0,147.925,5
Jul 05 2014 01 0,131.804,8
Jul 06 2014 01 0,140.061,11
Jul 07 2014 01 0,137.565,9
Jul 08 2014 01 0,150.108,8
Jul 09 2014 01 0,144.262,13
Jul 10 2014 01 0,141.407,9
Jul 11 2014 01 0,139.062,10
Jul 12 2014 01 0,144.039,15
Jul 13 2014 01 0,149.249,10
Jul 14 2014 01 0,150.149,15
Jul 15 2014 01 0,152.338,11
Jul 16 2014 01 0,141.173,13
Jul 17 2014 01 0,145.714,7
Jul 18 2014 01 0,143.25,11
Jul 19 2014 01 0,135.407,5
Jul 20 2014 01 0,136.474,9
Jul 21 2014 01 0,139.938,9
Jul 22 2014 01 0,149.086,13
Jul 23 2014 01 0,146.471,3
Jul 24 2014 01 0,135.413,13
Jul 25 2014 01 0,139.392,16
Jul 26 2014 01 0,143.651,10
Jul 27 2014 01 0,150.552,8
Jul 28 2014 01 0,142.393,11
Jul 29 2014 01 0,151.19,14
Jul 30 2014 01 0,156.205,8
Jul 31 2014 01 0,136.557,13
Aug 01 2014 01 0,152.105,15
Aug 02 2014 01 0,158.33,13
Aug 03 2014 01 0,161.04,8
Aug 04 2014 01 0,150.089,15
Aug 05 2014 01 0,156.443,12
Aug 06 2014 01 0,155.976,10
Aug 07 2014 01 0,153.688,9
Aug 08 2014 01 0,155.511,13
Aug 09 2014 01 0,158.171,9
Aug 10 2014 01 0,148.609,7
Aug 11 2014 01 0,153.821,11
Aug 12 2014 01 0,153.282,10
Aug 13 2014 01 0,149.401,13
Aug 14 2014 01 0,154.613,12
Aug 15 2014 01 0,161.276,16
Aug 16 2014 01 0,158.159,15
Aug 17 2014 01 0,150.952,16
Aug 18 2014 01 0,157.895,13
Aug 19 2014 01 0,159.562,16
Aug 20 2014 01 0,155.381,11
Aug 21 2014 01 0,155.764,17
Aug 22 2014 01 0,163.647,12
Aug 23 2014 01 0,152.736,20
Aug 24 2014 01 0,157.205,13
Aug 25 2014 01 0,157.745,19
Aug 26 2014 01 0,160.692,14
Aug 27 2014 01 0,163.5,15
Aug 28 2014 01 0,161.879,12
Aug 29 2014 01 0,153.852,13
Aug 30 2014 01 0,165.304,9
Aug 31 2014 01 0,175.904,12
Sep 01 2014 01 0,173.209,14
Sep 02 2014 01 0,169.467,7
Sep 03 2014 01 0,169.847,9
Sep 04 2014 01 0,174.095,7
Sep 05 2014 01 0,169.327,9
Sep 06 2014 01 0,167.828,10
Sep 07 2014 01 0,159.872,16
Sep 08 2014 01 0,168.45,9
Sep 09 2014 01 0,165.889,7
Sep 10 2014 01 0,167.594,10
Sep 11 2014 01 0,165.998,12
Sep 12 2014 01 0,158.711,9
Sep 13 2014 01 0,167.032,10
Sep 14 2014 01 0,158.119,9
Sep 15 2014 01 0,157.611,18
Sep 16 2014 01 0,167.037,10
Sep 17 2014 01 0,162.175,12
Sep 18 2014 01 0,170.432,8
Sep 19 2014 01 0,171.253,10
Sep 20 2014 01 0,171.303,10
Sep 21 2014 01 0,175.127,11
Sep 22 2014 01 0,167.51,8
Sep 23 2014 01 0,150.634,5
Sep 24 2014 01 0,153.038,8
Sep 25 2014 01 0,162.03,9
Sep 26 2014 01 0,165.654,7
Sep 27 2014 01 0,164.08,6
Sep 28 2014 01 0,156.668,14
Sep 29 2014 01 0,162.607,11
Sep 30 2014 01 0,157.057,11
Oct 01 2014 01 0,135.92,11
Oct 02 2014 01 0,150.031,13
Oct 03 2014 01 0,160.065,14
Oct 04 2014 01 0,147.923,14
Oct 05 2014 01 0,161.981,10
Oct 06 2014 01 0,157.921,10
Oct 07 2014 01 0,154.331,12
Oct 08 2014 01 0,156.111,16
Oct 09 2014 01 0,161.627,7
Oct 10 2014 01 0,155.424,7
Oct 11 2014 01 0,159.467,11
Oct 12 2014 01 0,165.933,11
Oct 13 2014 01 0,154.676,10
Oct 14 2014 01 0,158.428,8
Oct 15 2014 01 0,159.798,10
Oct 16 2014 01 0,151.595,9
Oct 17 2014 01 0,153.736,13
Oct 18 2014 01 0,147.512,16
Oct 19 2014 01 0,150.813,12
Oct 20 2014 01 0,140.901,8
Oct 21 2014 01 0,147.085,11
Oct 22 2014 01 0,149.457,11
Oct 23 2014 01 0,149.468,14
Oct 24 2014 01 0,146.84,13
Oct 25 2014 01 0,153.291,14
Oct 26 2014 01 0,157.342,13
Oct 27 2014 01 0,149.129,13
Oct 28 2014 01 0,150.331,9
Oct 29 2014 01 0,153.68,14
Oct 30 2014 01 0,151.558,8
Oct 31 2014 01 0,151.321,16
Nov 01 2014 01 0,151.765,15
Nov 02 2014 01 0,147.554,16
Nov 03 2014 01 0,147.14,4
Nov 04 2014 01 0,142.253,15
Nov 05 2014 01 0,145.29,7
Nov 06 2014 01 0,139.615,9
Nov 07 2014 01 0,136.143,15
Nov 08 2014 01 0,138.053,24
Nov 09 2014 01 0,135.473,18
Nov 10 2014 01 0,143.439,14
Nov 11 2014 01 0,141.204,14
Nov 12 2014 01 0,130.424,14
Nov 13 2014 01 0,127.226,12
Nov 14 2014 01 0,130.635,20
Nov 15 2014 01 0,128.425,16
Nov 16 2014 01 0,127.814,15
Nov 17 2014 01 0,125.135,19
Nov 18 2014 01 0,123.466,12
Nov 19 2014 01 0,121.676,16
Nov 20 2014 01 0,129.289,12
Nov 21 2014 01 0,126.918,11
Nov 22 2014 01 0,121.213,13
Nov 23 2014 01 0,118.137,16
Nov 24 2014 01 0,120.821,9
Nov 25 2014 01 0,119.154,14
Nov 26 2014 01 0,117.122,26
Nov 27 2014 01 0,116.286,31
Nov 28 2014 01 0,123.207,23
Nov 29 2014 01 0,130.764,8
Nov 30 2014 01 0,120.392,27
Dec 01 2014 01 0,124.198,20
Dec 02 2014 01 0,127.532,22
Dec 03 2014 01 0,136.689,11
Dec 04 2014 01 0,136.185,18
Dec 05 2014 01 0,134.412,17
Dec 06 2014 01 0,132.369,17
Dec 07 2014 01 0,134.807,24
Dec 08 2014 01 0,135.184,19
Dec 09 2014 01 0,133.414,13
Dec 10 2014 01 0,137.979,13
Dec 11 2014 01 0,139.254,13
Dec 12 2014 01 0,136.201,16
Dec 13 2014 01 0,140.24,19
Dec 14 2014 01 0,139.924,16
Dec 15 2014 01 0,141.292,17
Dec 16 2014 01 0,141.468,16
Dec 17 2014 01 0,133.541,18
Dec 18 2014 01 0,136.65,23
Dec 19 2014 01 0,140.917,21
Dec 20 2014 01 0,142.448,20
Dec 21 2014 01 0,144.63,24
Dec 22 2014 01 0,148.44,22
Dec 23 2014 01 0,149.287,13
Dec 24 2014 01 0,150.035,25
Dec 25 2014 01 0,158.893,35
Dec 26 2014 01 0,166.683,28
Dec 27 2014 01 0,162.193,23
Dec 28 2014 01 0,161.115,15
Dec 29 2014 01 0,164.756,24
Dec 30 2014 01 0,162.858,28
Dec 31 2014 01 0,168.038,16
Jan 01 2015 01 0,169.229,18
Jan 02 2015 01 0,166.479,18
Jan 03 2015 01 0,169.618,21
Jan 04 2015 01 0,150.23,19
Jan 05 2015 01 0,168.729,21
Jan 06 2015 01 0,167.685,16
Jan 07 2015 01 0,168.026,13
Jan 08 2015 01 0,162.428,18
Jan 09 2015 01 0,153.145,27
Jan 10 2015 01 0,151.572,29
Jan 11 2015 01 0,152.375,15
Jan 12 2015 01 0,153.836,25
Jan 13 2015 01 0,151.941,20
Jan 14 2015 01 0,151.629,16
Jan 15 2015 01 0,152.577,18
Jan 16 2015 01 0,148.262,22
Jan 17 2015 01 0,151.127,25
Jan 18 2015 01 0,146.638,17
Jan 19 2015 01 0,147.297,21
Jan 20 2015 01 0,151.775,17
Jan 21 2015 01 0,153.237,21
Jan 22 2015 01 0,148.49,20
Jan 23 2015 01 0,148.246,21
Jan 24 2015 01 0,153.003,18
Jan 25 2015 01 0,146.604,23
Jan 26 2015 01 0,149.01,17
Jan 27 2015 01 0,141.126,19
Jan 28 2015 01 0,142.548,18
Jan 29 2015 01 0,146.332,21
Jan 30 2015 01 0,144.952,25
Jan 31 2015 01 0,154.155,13
Feb 01 2015 01 0,145.821,21
Feb 02 2015 01 0,146.98,15
Feb 03 2015 01 0,145.787,17
Feb 04 2015 01 0,146.297,23
Feb 05 2015 01 0,149.81,17
Feb 06 2015 01 0,150.156,31
Feb 07 2015 01 0,147.356,15
Feb 08 2015 01 0,153.71,25
Feb 09 2015 01 0,148.235,12
Feb 10 2015 01 0,149.411,11
Feb 11 2015 01 0,142.47,18
Feb 12 2015 01 0,151.616,18
Feb 13 2015 01 0,153.231,25
Feb 14 2015 01 0,147.97,24
Feb 15 2015 01 0,145.359,15
Feb 16 2015 01 0,145.77,27
Feb 17 2015 01 0,145.359,16
Feb 18 2015 01 0,149.938,18
Feb 19 2015 01 0,147.193,20
Feb 20 2015 01 0,146.546,24
Feb 21 2015 01 0,145.137,17
Feb 22 2015 01 0,150.823,22
Feb 23 2015 01 0,132.506,21
Feb 24 2015 01 0,146.235,17
Feb 25 2015 01 0,153.862,26
Feb 26 2015 01 0,147.198,17
Feb 27 2015 01 0,155.065,28
Feb 28 2015 01 0,152.62,22
Mar 01 2015 01 0,148.529,17
Mar 02 2015 01 0,144.073,19
Mar 03 2015 01 0,153.249,18
Mar 04 2015 01 0,144.506,12
Mar 05 2015 01 0,146.401,22
Mar 06 2015 01 0,149.802,14
Mar 07 2015 01 0,148.719,25
Mar 08 2015 01 0,143.571,22
Mar 09 2015 01 0,136.096,18
Mar 10 2015 01 0,138.308,17
Mar 11 2015 01 0,138.999,14
Mar 12 2015 01 0,131.292,17
Mar 13 2015 01 0,136.433,29
Mar 14 2015 01 0,137.307,29
Mar 15 2015 01 0,140.361,25
Mar 16 2015 01 0,140.354,18
Mar 17 2015 01 0,143.278,21
Mar 18 2015 01 0,146.412,25
Mar 19 2015 01 0,148.025,11
Mar 20 2015 01 0,147.904,23
Mar 21 2015 01 0,146.008,20
Mar 22 2015 01 0,142.08,18
Mar 23 2015 01 0,142.833,21
Mar 24 2015 01 0,142.037,17
Mar 25 2015 01 0,148.196,28
Mar 26 2015 01 0,151.444,16
Mar 27 2015 01 0,144.832,23
Mar 28 2015 01 0,138.023,23
Mar 29 2015 01 0,131.722,27
Mar 30 2015 01 0,142.431,20
Mar 31 2015 01 0,146.109,25
Apr 01 2015 01 0,148.349,27
Apr 02 2015 01 0,152.113,19
Apr 03 2015 01 0,152.865,19
Apr 04 2015 01 0,144.861,26
Apr 05 2015 01 0,149.409,28
Apr 06 2015 01 0,149.273,23
Apr 07 2015 01 0,143.993,31
Apr 08 2015 01 0,147.203,28
Apr 09 2015 01 0,144.274,22
Apr 10 2015 01 0,148.796,26
Apr 11 2015 01 0,142.832,31
Apr 12 2015 01 0,143.159,26
Apr 13 2015 01 0,139.145,31
Apr 14 2015 01 0,125.661,17
Apr 15 2015 01 0,123.255,26
Apr 16 2015 01 0,118.208,37
Apr 17 2015 01 0,125.163,30
Apr 18 2015 01 0,125.896,32
Apr 19 2015 01 0,122.34,32
Apr 20 2015 01 0,124.284,21
Apr 21 2015 01 0,120.348,23
Apr 22 2015 01 0,123.512,26
Apr 23 2015 01 0,124.973,24
Apr 24 2015 01 0,129.01,26
Apr 25 2015 01 0,129.356,31
Apr 26 2015 01 0,128.941,31
Apr 27 2015 01 0,128.339,21
Apr 28 2015 01 0,129.749,33
Apr 29 2015 01 0,134.967,20
Apr 30 2015 01 0,141.217,28
May 01 2015 01 0,120.282,60
May 02 2015 01 0,138.368,34
May 03 2015 01 0,141.408,28
May 04 2015 01 0,134.478,20
May 05 2015 01 0,139.163,26
May 06 2015 01 0,135.261,19
May 07 2015 01 0,132.14,30
May 08 2015 01 0,137.879,28
May 09 2015 01 0,133.826,31
May 10 2015 01 0,131.397,25
May 11 2015 01 0,138.776,25
May 12 2015 01 0,135.811,19
May 13 2015 01 0,140.287,27
May 14 2015 01 0,137.821,23
May 15 2015 01 0,140.01,34
May 16 2015 01 0,135.595,29
May 17 2015 01 0,136.933,23
May 18 2015 01 0,137.317,30
May 19 2015 01 0,136.044,22
May 20 2015 01 0,128.668,21
May 21 2015 01 0,134.003,24
May 22 2015 01 0,131.19,31
May 23 2015 01 0,135.936,31
May 24 2015 01 0,130.172,28
May 25 2015 01 0,136.453,27
May 26 2015 01 0,136.113,26
May 27 2015 01 0,127.716,35
May 28 2015 01 0,130.342,30
May 29 2015 01 0,129.151,38
May 30 2015 01 0,137.672,46
May 31 2015 01 0,136.042,25
Jun 01 2015 01 0,136.422,34
Jun 02 2015 01 0,137.749,24
Jun 03 2015 01 0,133.062,28
Jun 04 2015 01 0,135.169,22
Jun 05 2015 01 0,134.19,39
Jun 06 2015 01 0,137.405,28
Jun 07 2015 01 0,125.346,22
Jun 08 2015 01 0,131.382,25
Jun 09 2015 01 0,133.698,27
Jun 10 2015 01 0,128.197,36
Jun 11 2015 01 0,127.643,41
Jun 12 2015 01 0,127.06,40
Jun 13 2015 01 0,130.699,45
Jun 14 2015 01 0,130.495,26
Jun 15 2015 01 0,130.039,32
Jun 16 2015 01 0,129.816,27
Jun 17 2015 01 0,128.513,24
Jun 18 2015 01 0,126.809,34
Jun 19 2015 01 0,128.544,31
Jun 20 2015 01 0,128.761,22
Jun 21 2015 01 0,128.702,37
Jun 22 2015 01 0,130.322,23
Jun 23 2015 01 0,134.362,36
Jun 24 2015 01 0,137.214,14
Jun 25 2015 01 0,135.575,31
Jun 26 2015 01 0,141.237,31
Jun 27 2015 01 0,141.354,28
Jun 28 2015 01 0,136.087,27
Jun 29 2015 01 0,141.016,22
Jun 30 2015 01 0,142.282,29
Jul 01 2015 01 0,144.753,28
Jul 02 2015 01 0,144.437,27
Jul 03 2015 01 0,145.998,23
Jul 04 2015 01 0,146.663,22
Jul 05 2015 01 0,145.922,29
Jul 06 2015 01 0,149.071,18
Jul 07 2015 01 0,141.309,24
Jul 08 2015 01 0,141.332,26
Jul 09 2015 01 0,147.327,26
Jul 10 2015 01 0,144.262,29
Jul 11 2015 01 0,144.437,27
Jul 12 2015 01 0,137.455,25
Jul 13 2015 01 0,141.733,31
Jul 14 2015 01 0,142.19,27
Jul 15 2015 01 0,142.578,24
Jul 16 2015 01 0,142.85,31
Jul 17 2015 01 0,150.812,28
Jul 18 2015 01 0,148.556,28
Jul 19 2015 01 0,142.389,27
Jul 20 2015 01 0,149.058,24
Jul 21 2015 01 0,148.942,23
Jul 22 2015 01 0,139.013,27
Jul 23 2015 01 0,142.987,24
Jul 24 2015 01 0,148.367,18
Jul 25 2015 01 0,144.381,28
Jul 26 2015 01 0,145.192,23
Jul 27 2015 01 0,149.432,22
Jul 28 2015 01 0,146.781,25
Jul 29 2015 01 0,145.673,19
Jul 30 2015 01 0,150.339,24
Jul 31 2015 01 0,147.611,26
Aug 01 2015 01 0,153.495,26
Aug 02 2015 01 0,147.489,25
Aug 03 2015 01 0,151.609,16
Aug 04 2015 01 0,149.171,16
Aug 05 2015 01 0,150.638,25
Aug 06 2015 01 0,152.263,19
Aug 07 2015 01 0,150.185,28
Aug 08 2015 01 0,139.005,29
Aug 09 2015 01 0,144.726,25
Aug 10 2015 01 0,148.969,28
Aug 11 2015 01 0,150.915,20
Aug 12 2015 01 0,147.361,20
Aug 13 2015 01 0,139.681,18
Aug 14 2015 01 0,147.024,26
Aug 15 2015 01 0,140.308,25
Aug 16 2015 01 0,140.539,23
Aug 17 2015 01 0,141.357,24
Aug 18 2015 01 0,144.562,18
Aug 19 2015 01 0,146.055,14
Aug 20 2015 01 0,125.697,18
Aug 21 2015 01 0,139.77,20
Aug 22 2015 01 0,134.745,32
Aug 23 2015 01 0,133.911,26
Aug 24 2015 01 0,140.017,28
Aug 25 2015 01 0,143.914,29
Aug 26 2015 01 0,147.335,29
Aug 27 2015 01 0,147.008,24
Aug 28 2015 01 0,150.064,20
Aug 29 2015 01 0,151.94,21
Aug 30 2015 01 0,154.256,29
Aug 31 2015 01 0,153.668,27
Sep 01 2015 01 0,161.873,22
Sep 02 2015 01 0,154.7,18
Sep 03 2015 01 0,153.34,18
Sep 04 2015 01 0,153.866,26
Sep 05 2015 01 0,148.278,28
Sep 06 2015 01 0,154.018,18
Sep 07 2015 01 0,152.073,16
Sep 08 2015 01 0,152.654,22
Sep 09 2015 01 0,152.268,21
Sep 10 2015 01 0,148.605,18
Sep 11 2015 01 0,153.725,20
Sep 12 2015 01 0,154.866,19
Sep 13 2015 01 0,151.822,29
Sep 14 2015 01 0,154.289,19
Sep 15 2015 01 0,157.098,14
Sep 16 2015 01 0,157.047,23
Sep 17 2015 01 0,161.833,16
Sep 18 2015 01 0,151.68,30
Sep 19 2015 01 0,153.608,24
Sep 20 2015 01 0,152.447,36
Sep 21 2015 01 0,150.064,26
Sep 22 2015 01 0,152.995,17
Sep 23 2015 01 0,151.819,29
Sep 24 2015 01 0,154.027,22
Sep 25 2015 01 0,155.186,25
Sep 26 2015 01 0,151.928,26
Sep 27 2015 01 0,150.325,22
Sep 28 2015 01 0,151.05,18
Sep 29 2015 01 0,152.649,16
Sep 30 2015 01 0,153.547,27
Oct 01 2015 01 0,154.963,21
Oct 02 2015 01 0,156.04,31
Oct 03 2015 01 0,161.38,26
Oct 04 2015 01 0,160.833,22
Oct 05 2015 01 0,154.306,22
Oct 06 2015 01 0,157.591,21
Oct 07 2015 01 0,157.006,12
Oct 08 2015 01 0,144.616,22
Oct 09 2015 01 0,160.722,26
Oct 10 2015 01 0,157.375,18
Oct 11 2015 01 0,158.461,21
Oct 12 2015 01 0,154.262,14
Oct 13 2015 01 0,158.255,21
Oct 14 2015 01 0,156.329,16
Oct 15 2015 01 0,155.06,21
Oct 16 2015 01 0,161.336,22
Oct 17 2015 01 0,157.882,21
Oct 18 2015 01 0,149.711,20
Oct 19 2015 01 0,157.427,17
Oct 20 2015 01 0,155.364,24
Oct 21 2015 01 0,153.216,21
Oct 22 2015 01 0,152.036,24
Oct 23 2015 01 0,149.957,24
Oct 24 2015 01 0,150.792,26
Oct 25 2015 01 0,150.359,22
Oct 26 2015 01 0,147.738,8
Oct 27 2015 01 0,144.934,17
Oct 28 2015 01 0,138.395,20
Oct 29 2015 01 0,147.67,21
Oct 30 2015 01 0,144.715,27
Oct 31 2015 01 0,148.275,21
Nov 01 2015 01 0,139.722,27
Nov 02 2015 01 0,144.887,26
Nov 03 2015 01 0,149.464,17
Nov 04 2015 01 0,149.027,23
Nov 05 2015 01 0,146.542,28
Nov 06 2015 01 0,146.358,19
Nov 07 2015 01 0,144.34,23
Nov 08 2015 01 0,143.566,21
Nov 09 2015 01 0,136.111,23
Nov 10 2015 01 0,141.804,20
Nov 11 2015 01 0,129.465,22
Nov 12 2015 01 0,133.652,19
Nov 13 2015 01 0,138.549,27
Nov 14 2015 01 0,145.149,20
Nov 15 2015 01 0,141.273,16
Nov 16 2015 01 0,135.287,20
Nov 17 2015 01 0,137.316,16
Nov 18 2015 01 0,139.022,14
Nov 19 2015 01 0,133.105,22
Nov 20 2015 01 0,143.577,19
Nov 21 2015 01 0,138.834,22
Nov 22 2015 01 0,138.001,25
Nov 23 2015 01 0,139.055,13
Nov 24 2015 01 0,136.566,17
Nov 25 2015 01 0,140.006,20
Nov 26 2015 01 0,135.724,26
Nov 27 2015 01 0,135.874,27
Nov 28 2015 01 0,138.818,25
Nov 29 2015 01 0,135.302,27
Nov 30 2015 01 0,136.283,27
Dec 01 2015 01 0,140.317,20
Dec 02 2015 01 0,141.793,24
Dec 03 2015 01 0,141.244,18
Dec 04 2015 01 0,144.678,27
Dec 05 2015 01 0,146.384,24
Dec 06 2015 01 0,143.809,25
Dec 07 2015 01 0,147.405,21
Dec 08 2015 01 0,147.887,18
Dec 09 2015 01 0,145.419,17
Dec 10 2015 01 0,142.576,20
Dec 11 2015 01 0,125.306,23
Dec 12 2015 01 0,141.09,29
Dec 13 2015 01 0,144.547,26
Dec 14 2015 01 0,146.3,16
Dec 15 2015 01 0,144.008,17
Dec 16 2015 01 0,142.985,24
Dec 17 2015 01 0,141.009,14
Dec 18 2015 01 0,144.742,16
Dec 19 2015 01 0,142.757,24
Dec 20 2015 01 0,139.84,26
Dec 21 2015 01 0,145.799,17
Dec 22 2015 01 0,140.086,15
Dec 23 2015 01 0,137.963,32
Dec 24 2015 01 0,140.282,34
Dec 25 2015 01 0,152.573,49
Dec 26 2015 01 0,157.704,40
Dec 27 2015 01 0,154.606,39
Dec 28 2015 01 0,155.392,43
Dec 29 2015 01 0,160.158,30
Dec 30 2015 01 0,160.976,37
Dec 31 2015 01 0,159.236,29
Jan 01 2016 01 0,152.009,27
Jan 02 2016 01 0,152.634,32
Jan 03 2016 01 0,146.269,25
Jan 04 2016 01 0,138.565,30
Jan 05 2016 01 0,148.542,23
Jan 06 2016 01 0,149.542,15
Jan 07 2016 01 0,152.884,22
Jan 08 2016 01 0,153.583,22
Jan 09 2016 01 0,148.976,21
Jan 10 2016 01 0,135.873,31
Jan 11 2016 01 0,142.686,21
Jan 12 2016 01 0,141.713,22
Jan 13 2016 01 0,145.356,24
Jan 14 2016 01 0,143.404,20
Jan 15 2016 01 0,144.517,28
Jan 16 2016 01 0,150.027,23
Jan 17 2016 01 0,139.063,23
Jan 18 2016 01 0,145.151,25
Jan 19 2016 01 0,147.067,20
Jan 20 2016 01 0,152.967,17
Jan 21 2016 01 0,144.844,14
Jan 22 2016 01 0,141.313,18
Jan 23 2016 01 0,145.914,22
Jan 24 2016 01 0,140.407,25
Jan 25 2016 01 0,147.585,21
Jan 26 2016 01 0,150.032,17
Jan 27 2016 01 0,146.11,13
Jan 28 2016 01 0,144.28,18
Jan 29 2016 01 0,146.201,16
Jan 30 2016 01 0,148.121,25
Jan 31 2016 01 0,145.118,20
Feb 01 2016 01 0,143.447,17
Feb 02 2016 01 0,143.674,15
Feb 03 2016 01 0,144.994,16
Feb 04 2016 01 0,141.511,18
Feb 05 2016 01 0,142.899,18
Feb 06 2016 01 0,139.916,29
Feb 07 2016 01 0,138.036,14
Feb 08 2016 01 0,130.157,22
Feb 09 2016 01 0,134.919,25
Feb 10 2016 01 0,143.172,13
Feb 11 2016 01 0,141.735,14
Feb 12 2016 01 0,133.736,26
Feb 13 2016 01 0,138.232,24
Feb 14 2016 01 0,138.618,24
Feb 15 2016 01 0,142.444,15
Feb 16 2016 01 0,140.115,15
Feb 17 2016 01 0,143.04,26
Feb 18 2016 01 0,138.581,29
Feb 19 2016 01 0,137.514,23
Feb 20 2016 01 0,139.134,30
Feb 21 2016 01 0,140.302,22
Feb 22 2016 01 0,140.315,24
Feb 23 2016 01 0,135.743,18
Feb 24 2016 01 0,136.941,24
Feb 25 2016 01 0,140.686,26
Feb 26 2016 01 0,144.079,24
Feb 27 2016 01 0,144.442,29
Feb 28 2016 01 0,137.878,18
Feb 29 2016 01 0,142.568,22
Mar 01 2016 01 0,143.006,18
Mar 02 2016 01 0,141.558,17
Mar 03 2016 01 0,140.159,23
Mar 04 2016 01 0,143.386,28
Mar 05 2016 01 0,139.676,34
Mar 06 2016 01 0,134.241,33
Mar 07 2016 01 0,141.37,29
Mar 08 2016 01 0,145.254,16
Mar 09 2016 01 0,141.542,21
Mar 10 2016 01 0,142.706,17
Mar 11 2016 01 0,142.1,15
Mar 12 2016 01 0,142.625,17
Mar 13 2016 01 0,142.494,25
Mar 14 2016 01 0,147.571,15
Mar 15 2016 01 0,149.818,20
Mar 16 2016 01 0,148.641,18
Mar 17 2016 01 0,147.908,18
Mar 18 2016 01 0,147.403,22
Mar 19 2016 01 0,153.893,15
Mar 20 2016 01 0,149.669,13
Mar 21 2016 01 0,152.085,18
Mar 22 2016 01 0,150.563,12
Mar 23 2016 01 0,148.88,16
Mar 24 2016 01 0,147.256,15
Mar 25 2016 01 0,145.774,19
Mar 26 2016 01 0,148.04,22
Mar 27 2016 01 0,148.169,25
Mar 28 2016 01 0,145.863,15
Mar 29 2016 01 0,144.131,21
Mar 30 2016 01 0,146.972,15
Mar 31 2016 01 0,148.886,22
Apr 01 2016 01 0,146.529,24
Apr 02 2016 01 0,148.312,22
Apr 03 2016 01 0,147.948,29
Apr 04 2016 01 0,148.816,25
Apr 05 2016 01 0,151.957,19
Apr 06 2016 01 0,158.489,27
Apr 07 2016 01 0,157.598,20
Apr 08 2016 01 0,157.926,24
Apr 09 2016 01 0,159.233,35
Apr 10 2016 01 0,158.613,21
Apr 11 2016 01 0,154.572,21
Apr 12 2016 01 0,161.127,18
Apr 13 2016 01 0,163.756,15
Apr 14 2016 01 0,161.737,17
Apr 15 2016 01 0,159.674,17
Apr 16 2016 01 0,157.542,23
Apr 17 2016 01 0,156.334,15
Apr 18 2016 01 0,157.992,21
Apr 19 2016 01 0,158.719,16
Apr 20 2016 01 0,157.446,20
Apr 21 2016 01 0,157.258,20
Apr 22 2016 01 0,160.333,22
Apr 23 2016 01 0,153.14,19
Apr 24 2016 01 0,156.763,24
Apr 25 2016 01 0,159.302,17
Apr 26 2016 01 0,156.696,13
Apr 27 2016 01 0,158.046,17
Apr 28 2016 01 0,156.038,14
Apr 29 2016 01 0,159.302,27
Apr 30 2016 01 0,159.537,19
May 01 2016 01 0,159.035,28
May 02 2016 01 0,165.016,21
May 03 2016 01 0,162.063,15
May 04 2016 01 0,168.215,23
May 05 2016 01 0,162.476,15
May 06 2016 01 0,163.407,20
May 07 2016 01 0,163.902,17
May 08 2016 01 0,153.734,9
May 09 2016 01 0,159.037,14
May 10 2016 01 0,162.429,13
May 11 2016 01 0,145.441,21
May 12 2016 01 0,162.173,16
May 13 2016 01 0,164.082,11
May 14 2016 01 0,158.323,26
May 15 2016 01 0,162,19
May 16 2016 01 0,155.375,12
May 17 2016 01 0,153.523,13
May 18 2016 01 0,154.669,12
May 19 2016 01 0,147.898,14
May 20 2016 01 0,147.805,15
May 21 2016 01 0,150.676,13
May 22 2016 01 0,147.404,16
May 23 2016 01 0,150.405,19
May 24 2016 01 0,143.355,12
May 25 2016 01 0,147.1,19
May 26 2016 01 0,142.249,13
May 27 2016 01 0,144.285,17
May 28 2016 01 0,146.028,17
May 29 2016 01 0,144.657,13
May 30 2016 01 0,150.128,19
May 31 2016 01 0,150.11,9
Jun 01 2016 01 0,146.405,13
Jun 02 2016 01 0,146.402,18
Jun 03 2016 01 0,149.192,16
Jun 04 2016 01 0,144.288,12
Jun 05 2016 01 0,142.434,12
Jun 06 2016 01 0,143.451,17
Jun 07 2016 01 0,141.34,11
Jun 08 2016 01 0,142.263,15
Jun 09 2016 01 0,151.558,11
Jun 10 2016 01 0,149.267,21
Jun 11 2016 01 0,145.268,14
Jun 12 2016 01 0,145.656,9
Jun 13 2016 01 0,138.68,17
Jun 14 2016 01 0,143.268,16
Jun 15 2016 01 0,141.591,13
Jun 16 2016 01 0,139.1,11
Jun 17 2016 01 0,132.257,13
Jun 18 2016 01 0,135.073,27
Jun 19 2016 01 0,141.901,15
Jun 20 2016 01 0,134.656,14
Jun 21 2016 01 0,126.395,17
Jun 22 2016 01 0,135.746,12
Jun 23 2016 01 0,129.799,25
Jun 24 2016 01 0,119.509,23
Jun 25 2016 01 0,122.022,24
Jun 26 2016 01 0,115.491,17
Jun 27 2016 01 0,116.549,27
Jun 28 2016 01 0,116.346,21
Jun 29 2016 01 0,116.626,21
Jun 30 2016 01 0,114.38,22
Jul 01 2016 01 0,119.291,19
Jul 02 2016 01 0,118.576,18
Jul 03 2016 01 0,116.658,13
Jul 04 2016 01 0,117.064,25
Jul 05 2016 01 0,122.753,21
Jul 06 2016 01 0,123.433,16
Jul 07 2016 01 0,126.934,18
Jul 08 2016 01 0,129.454,15
Jul 09 2016 01 0,123.941,14
Jul 10 2016 01 0,120.178,26
Jul 11 2016 01 0,124.248,13
Jul 12 2016 01 0,124.422,18
Jul 13 2016 01 0,128.592,29
Jul 14 2016 01 0,121.938,22
Jul 15 2016 01 0,122.496,21
Jul 16 2016 01 0,123.639,21
Jul 17 2016 01 0,124.344,11
Jul 18 2016 01 0,125.313,17
Jul 19 2016 01 0,127.164,19
Jul 20 2016 01 0,127.203,12
Jul 21 2016 01 0,127.512,17
Jul 22 2016 01 0,123.948,13
Jul 23 2016 01 0,120.858,16
Jul 24 2016 01 0,117.415,18
Jul 25 2016 01 0,120.756,16
Jul 26 2016 01 0,119.929,18
Jul 27 2016 01 0,115.691,20
Jul 28 2016 01 0,121.919,14
Jul 29 2016 01 0,120.177,20
Jul 30 2016 01 0,122.221,16
Jul 31 2016 01 0,116.329,14
Aug 01 2016 01 0,118.076,19
Aug 02 2016 01 0,118.284,19
Aug 03 2016 01 0,117.119,19
Aug 04 2016 01 0,116.863,21
Aug 05 2016 01 0,113.875,15
Aug 06 2016 01 0,115.609,18
Aug 07 2016 01 0,117.096,8
Aug 08 2016 01 0,115.537,24
Aug 09 2016 01 0,116.012,14
Aug 10 2016 01 0,114.282,20
Aug 11 2016 01 0,114.198,12
Aug 12 2016 01 0,111.927,32
Aug 13 2016 01 0,113.916,15
Aug 14 2016 01 0,113.353,17
Aug 15 2016 01 0,108.181,24
Aug 16 2016 01 0,109.404,18
Aug 17 2016 01 0,111.151,18
Aug 18 2016 01 0,109.072,14
Aug 19 2016 01 0,102.35,30
Aug 20 2016 01 0,105.367,30
Aug 21 2016 01 0,106.316,19
Aug 22 2016 01 0,106.473,20
Aug 23 2016 01 0,107.265,16
Aug 24 2016 01 0,106.044,20
Aug 25 2016 01 0,104.348,30
Aug 26 2016 01 0,108.665,16
Aug 27 2016 01 0,105.782,22
Aug 28 2016 01 0,111.543,15
Aug 29 2016 01 0,109.345,24
Aug 30 2016 01 0,112.207,24
Aug 31 2016 01 0,111.212,19
Sep 01 2016 01 0,113.618,15
Sep 02 2016 01 0,104.446,18
Sep 03 2016 01 0,114.619,21
Sep 04 2016 01 0,115.377,19
Sep 05 2016 01 0,114.486,17
Sep 06 2016 01 0,114.09,14
Sep 07 2016 01 0,113.346,14
Sep 08 2016 01 0,116.025,17
Sep 09 2016 01 0,111.761,19
Sep 10 2016 01 0,112.798,19
Sep 11 2016 01 0,108.435,22
Sep 12 2016 01 0,113.288,15
Sep 13 2016 01 0,107.688,16
Sep 14 2016 01 0,106.575,19
Sep 15 2016 01 0,108.716,17
Sep 16 2016 01 0,111.677,22
Sep 17 2016 01 0,113.779,22
Sep 18 2016 01 0,112.332,20
Sep 19 2016 01 0,108.801,13
Sep 20 2016 01 0,111.832,12
Sep 21 2016 01 0,107.548,11
Sep 22 2016 01 0,108.342,16
Sep 23 2016 01 0,110.308,15
Sep 24 2016 01 0,113.304,23
Sep 25 2016 01 0,115.687,9
Sep 26 2016 01 0,109.454,16
Sep 27 2016 01 0,112.15,10
Sep 28 2016 01 0,106.832,8
Sep 29 2016 01 0,110.394,15
Sep 30 2016 01 0,111.333,15
Oct 01 2016 01 0,110.692,22
Oct 02 2016 01 0,104.712,22
Oct 03 2016 01 0,111.637,17
Oct 04 2016 01 0,109.121,16
Oct 05 2016 01 0,104.891,10
Oct 06 2016 01 0,105.172,17
Oct 07 2016 01 0,108.337,25
Oct 08 2016 01 0,111.261,16
Oct 09 2016 01 0,110.586,16
Oct 10 2016 01 0,111.373,15
Oct 11 2016 01 0,109.972,14
Oct 12 2016 01 0,109.828,14
Oct 13 2016 01 0,110.067,7
Oct 14 2016 01 0,107.588,15
Oct 15 2016 01 0,105.431,18
Oct 16 2016 01 0,106.71,15
Oct 17 2016 01 0,108.297,16
Oct 18 2016 01 0,109.015,14
Oct 19 2016 01 0,105.127,15
Oct 20 2016 01 0,97.761,14
Oct 21 2016 01 0,103.695,18
Oct 22 2016 01 0,100.203,19
Oct 23 2016 01 0,101.627,11
Oct 24 2016 01 0,100.011,9
Oct 25 2016 01 0,102.816,16
Oct 26 2016 01 0,99.336,9
Oct 27 2016 01 0,101.218,13
Oct 28 2016 01 0,101.195,26
Oct 29 2016 01 0,99.348,16
Oct 30 2016 01 0,99.967,14
Oct 31 2016 01 0,96.611,16
Nov 01 2016 01 0,95.027,18
Nov 02 2016 01 0,98.927,16
Nov 03 2016 01 0,106.494,6
Nov 04 2016 01 0,101.463,15
Nov 05 2016 01 0,102.013,16
Nov 06 2016 01 0,102.712,21
Nov 07 2016 01 0,103.331,18
Nov 08 2016 01 0,101.31,15
Nov 09 2016 01 0,103.273,12
Nov 10 2016 01 0,100.937,18
Nov 11 2016 01 0,101.615,23
Nov 12 2016 01 0,101.354,21
Nov 13 2016 01 0,93.359,18
Nov 14 2016 01 0,99.367,21
Nov 15 2016 01 0,101.401,14
Nov 16 2016 01 0,101.892,17
Nov 17 2016 01 0,97.699,17
Nov 18 2016 01 0,99.669,25
Nov 19 2016 01 0,97.6,14
Nov 20 2016 01 0,95.695,13
Nov 21 2016 01 0,95.583,10
Nov 22 2016 01 0,97.198,17
Nov 23 2016 01 0,95.679,14
Nov 24 2016 01 0,93.16,22
Nov 25 2016 01 0,93.274,17
Nov 26 2016 01 0,95.028,22
Nov 27 2016 01 0,95.495,17
Nov 28 2016 01 0,94.93,16
Nov 29 2016 01 0,89.35,16
Nov 30 2016 01 0,101.429,15
Dec 01 2016 01 0,104.576,8
Dec 02 2016 01 0,101.339,20
Dec 03 2016 01 0,105.385,18
Dec 04 2016 01 0,102.026,18
Dec 05 2016 01 0,101.676,14
Dec 06 2016 01 0,106.058,18
Dec 07 2016 01 0,100.65,12
Dec 08 2016 01 0,104.51,18
Dec 09 2016 01 0,100.689,14
Dec 10 2016 01 0,104.681,16
Dec 11 2016 01 0,105.262,26
Dec 12 2016 01 0,103.974,13
Dec 13 2016 01 0,105.288,17
Dec 14 2016 01 0,93.614,10
Dec 15 2016 01 0,105.369,12
Dec 16 2016 01 0,105.38,19
Dec 17 2016 01 0,99.321,13
Dec 18 2016 01 0,102.268,18
Dec 19 2016 01 0,104.204,15
Dec 20 2016 01 0,109.889,13
Dec 21 2016 01 0,105.389,6
Dec 22 2016 01 0,102.401,15
Dec 23 2016 01 0,101.963,19
Dec 24 2016 01 0,103.901,27
Dec 25 2016 01 0,111.521,45
Dec 26 2016 01 0,119.985,26
Dec 27 2016 01 0,116.639,24
Dec 28 2016 01 0,115.646,25
Dec 29 2016 01 0,114.427,22
Dec 30 2016 01 0,119.014,25
Dec 31 2016 01 0,118.67,27
Jan 01 2017 01 0,116.69,20
Jan 02 2017 01 0,121.545,22
Jan 03 2017 01 0,117.846,18
Jan 04 2017 01 0,117.628,12
Jan 05 2017 01 0,121.865,19
Jan 06 2017 01 0,125.99,17
Jan 07 2017 01 0,122.029,13
Jan 08 2017 01 0,119.258,11
Jan 09 2017 01 0,124.403,19
Jan 10 2017 01 0,120.938,15
Jan 11 2017 01 0,119.272,12
Jan 12 2017 01 0,123.659,10
Jan 13 2017 01 0,121.457,16
Jan 14 2017 01 0,120.011,17
Jan 15 2017 01 0,123.334,15
Jan 16 2017 01 0,121.68,14
Jan 17 2017 01 0,123.818,15
Jan 18 2017 01 0,124.453,12
Jan 19 2017 01 0,120.542,12
Jan 20 2017 01 0,122.036,11
Jan 21 2017 01 0,118.245,14
Jan 22 2017 01 0,121.154,14
Jan 23 2017 01 0,122.804,9
Jan 24 2017 01 0,122.229,15
Jan 25 2017 01 0,124.329,13
Jan 26 2017 01 0,122.515,7
Jan 27 2017 01 0,123.142,12
Jan 28 2017 01 0,127.089,15
Jan 29 2017 01 0,125.889,17
Jan 30 2017 01 0,129.687,20
Jan 31 2017 01 0,124.844,20
Feb 01 2017 01 0,130.793,14
Feb 02 2017 01 0,127.497,16
Feb 03 2017 01 0,132.766,14
Feb 04 2017 01 0,138.936,21
Feb 05 2017 01 0,135.392,13
Feb 06 2017 01 0,129.491,11
Feb 07 2017 01 0,137.03,12
Feb 08 2017 01 0,128.489,14
Feb 09 2017 01 0,136.335,12
Feb 10 2017 01 0,137.109,12
Feb 11 2017 01 0,133.3,19
Feb 12 2017 01 0,123.458,16
Feb 13 2017 01 0,139.019,12
Feb 14 2017 01 0,136.353,7
Feb 15 2017 01 0,136.692,16
Feb 16 2017 01 0,142.648,17
Feb 17 2017 01 0,139.887,12
Feb 18 2017 01 0,136.077,19
Feb 19 2017 01 0,139.716,17
Feb 20 2017 01 0,134.485,12
Feb 21 2017 01 0,133.548,14
Feb 22 2017 01 0,134.598,11
Feb 23 2017 01 0,133.16,10
Feb 24 2017 01 0,137.95,16
Feb 25 2017 01 0,146.687,13
Feb 26 2017 01 0,146.764,17
Feb 27 2017 01 0,141.944,18
Feb 28 2017 01 0,148.165,17
Mar 01 2017 01 0,146.254,14
Mar 02 2017 01 0,147.637,9
Mar 03 2017 01 0,149.979,10
Mar 04 2017 01 0,146.59,19
Mar 05 2017 01 0,140.703,16
Mar 06 2017 01 0,145.597,11
Mar 07 2017 01 0,141.292,15
Mar 08 2017 01 0,151.365,15
Mar 09 2017 01 0,148.855,14
Mar 10 2017 01 0,152.214,12
Mar 11 2017 01 0,150.902,14
Mar 12 2017 01 0,141.659,18
Mar 13 2017 01 0,149.966,18
Mar 14 2017 01 0,151.383,9
Mar 15 2017 01 0,146.352,10
Mar 16 2017 01 0,143.655,18
Mar 17 2017 01 0,141.805,10
Mar 18 2017 01 0,146.056,10
Mar 19 2017 01 0,142.776,6
Mar 20 2017 01 0,137.468,12
Mar 21 2017 01 0,146.438,11
Mar 22 2017 01 0,143.912,12
Mar 23 2017 01 0,136.954,11
Mar 24 2017 01 0,137.886,12
Mar 25 2017 01 0,140.498,12
Mar 26 2017 01 0,129.879,13
Mar 27 2017 01 0,143.495,10
Mar 28 2017 01 0,130.918,10
Mar 29 2017 01 0,132.575,10
Mar 30 2017 01 0,135.49,8
Mar 31 2017 01 0,141.579,9
Apr 01 2017 01 0,137.008,15
Apr 02 2017 01 0,136.119,11
Apr 03 2017 01 0,136.487,10
Apr 04 2017 01 0,135.79,13
Apr 05 2017 01 0,141.257,8
Apr 06 2017 01 0,135.436,11
Apr 07 2017 01 0,140.9,17
Apr 08 2017 01 0,140.923,18
Apr 09 2017 01 0,140.395,10
Apr 10 2017 01 0,135.701,6
Apr 11 2017 01 0,138.724,12
Apr 12 2017 01 0,134.945,12
Apr 13 2017 01 0,134.035,8
Apr 14 2017 01 0,139.71,10
Apr 15 2017 01 0,136.023,11
Apr 16 2017 01 0,130.428,16
Apr 17 2017 01 0,136.797,11
Apr 18 2017 01 0,139.771,7
Apr 19 2017 01 0,141.703,6
Apr 20 2017 01 0,136.999,9
Apr 21 2017 01 0,137.464,11
Apr 22 2017 01 0,143.767,14
Apr 23 2017 01 0,142.792,9
Apr 24 2017 01 0,135.503,6
Apr 25 2017 01 0,137.222,7
Apr 26 2017 01 0,136.544,13
Apr 27 2017 01 0,137.148,9
Apr 28 2017 01 0,143.924,11
Apr 29 2017 01 0,135.342,10
Apr 30 2017 01 0,138.836,14
May 01 2017 01 0,142.377,7
May 02 2017 01 0,147.377,8
May 03 2017 01 0,141.881,4
May 04 2017 01 0,139.886,7
May 05 2017 01 0,143.639,7
May 06 2017 01 0,146.646,6
May 07 2017 01 0,143.429,9
May 08 2017 01 0,140.87,3
May 09 2017 01 0,146.462,7
May 10 2017 01 0,144.346,8
May 11 2017 01 0,138.426,12
May 12 2017 01 0,137.363,4
May 13 2017 01 0,149.448,9
May 14 2017 01 0,146.153,9
May 15 2017 01 0,150.699,9
May 16 2017 01 0,148.76,10
May 17 2017 01 0,141.722,16
May 18 2017 01 0,146.189,5
May 19 2017 01 0,141.515,5
May 20 2017 01 0,144.335,10
May 21 2017 01 0,144.393,7
May 22 2017 01 0,146.445,9
May 23 2017 01 0,145.866,8
May 24 2017 01 0,141.38,5
May 25 2017 01 0,129.847,8
May 26 2017 01 0,140.287,10
May 27 2017 01 0,140.657,6
May 28 2017 01 0,135.894,6
May 29 2017 01 0,138.93,7
May 30 2017 01 0,144.244,8
May 31 2017 01 0,141.126,11
Jun 01 2017 01 0,141.588,5
Jun 02 2017 01 0,139.058,5
Jun 03 2017 01 0,142.218,4
Jun 04 2017 01 0,145.651,2
Jun 05 2017 01 0,144.439,8
Jun 06 2017 01 0,142.639,4
Jun 07 2017 01 0,143.81,15
Jun 08 2017 01 0,139.336,3
Jun 09 2017 01 0,134.5,9
Jun 10 2017 01 0,144.563,6
Jun 11 2017 01 0,138.733,6
Jun 12 2017 01 0,132.95,12
Jun 13 2017 01 0,138.79,4
Jun 14 2017 01 0,147.377,9
Jun 15 2017 01 0,144.284,9
Jun 16 2017 01 0,152.151,6
Jun 17 2017 01 0,144.324,10
Jun 18 2017 01 0,143.194,7
Jun 19 2017 01 0,146.48,2
Jun 20 2017 01 0,141.927,6
Jun 21 2017 01 0,142.813,6
Jun 22 2017 01 0,138.199,9
Jun 23 2017 01 0,132.04,10
Jun 24 2017 01 0,129.853,6
Jun 25 2017 01 0,126.067,7
Jun 26 2017 01 0,129.477,10
Jun 27 2017 01 0,130.459,6
Jun 28 2017 01 0,135.115,9
Jun 29 2017 01 0,135.726,14
Jun 30 2017 01 0,142.435,8
Jul 01 2017 01 0,141.533,6
Jul 02 2017 01 0,144.655,5
Jul 03 2017 01 0,134.165,4
Jul 04 2017 01 0,140,8
Jul 05 2017 01 0,135.819,8
Jul 06 2017 01 0,136.49,6
Jul 07 2017 01 0,137.665,7
Jul 08 2017 01 0,138.828,8
Jul 09 2017 01 0,141.906,9
Jul 10 2017 01 0,137.193,7
Jul 11 2017 01 0,143.579,8
Jul 12 2017 01 0,146.067,2
Jul 13 2017 01 0,141.656,7
Jul 14 2017 01 0,142.96,3
Jul 15 2017 01 0,143.371,7
Jul 16 2017 01 0,142.454,12
Jul 17 2017 01 0,137.553,6
Jul 18 2017 01 0,145.032,3
Jul 19 2017 01 0,143.042,9
Jul 20 2017 01 0,149.037,5
Jul 21 2017 01 0,154.092,6
Jul 22 2017 01 0,144.901,7
Jul 23 2017 01 0,147.675,8
Jul 24 2017 01 0,147.161,6
Jul 25 2017 01 0,143.831,7
Jul 26 2017 01 0,144.457,7
Jul 27 2017 01 0,148.958,8
Jul 28 2017 01 0,157.365,4
Jul 29 2017 01 0,154.941,9
Jul 30 2017 01 0,160.548,10
Jul 31 2017 01 0,163.051,11
Aug 01 2017 01 0,163.715,6
Aug 02 2017 01 0,159.684,8
Aug 03 2017 01 0,149.215,11
Aug 04 2017 01 0,153.509,9
Aug 05 2017 01 0,156.802,3
Aug 06 2017 01 0,152.146,13
Aug 07 2017 01 0,153.477,6
Aug 08 2017 01 0,150.942,9
Aug 09 2017 01 0,154.273,5
Aug 10 2017 01 0,152.032,9
Aug 11 2017 01 0,156.497,12
Aug 12 2017 01 0,145.05,6
Aug 13 2017 01 0,156.623,12
Aug 14 2017 01 0,156.337,9
Aug 15 2017 01 0,159.537,5
Aug 16 2017 01 0,158.29,3
Aug 17 2017 01 0,150.464,2
Aug 18 2017 01 0,150.524,10
Aug 19 2017 01 0,150.979,10
Aug 20 2017 01 0,150.498,14
Aug 21 2017 01 0,152.323,6
Aug 22 2017 01 0,149.354,3
Aug 23 2017 01 0,148.24,7
Aug 24 2017 01 0,156.249,11
Aug 25 2017 01 0,155.266,8
Aug 26 2017 01 0,144.583,6
Aug 27 2017 01 0,155.171,10
Aug 28 2017 01 0,144.646,10
Aug 29 2017 01 0,152.129,5
Aug 30 2017 01 0,148.599,10
Aug 31 2017 01 0,152.437,6
Sep 01 2017 01 0,153.912,7
Sep 02 2017 01 0,154.763,8
Sep 03 2017 01 0,153.698,7
Sep 04 2017 01 0,137.925,6
Sep 05 2017 01 0,147.059,10
Sep 06 2017 01 0,149.944,5
Sep 07 2017 01 0,148.029,10
Sep 08 2017 01 0,144.59,10
Sep 09 2017 01 0,149.472,8
Sep 10 2017 01 0,151.326,6
Sep 11 2017 01 0,145.26,9
Sep 12 2017 01 0,151.975,6
Sep 13 2017 01 0,150.329,9
Sep 14 2017 01 0,151.309,7
Sep 15 2017 01 0,151.33,10
Sep 16 2017 01 0,153.821,7
Sep 17 2017 01 0,152.228,7
Sep 18 2017 01 0,148.804,7
Sep 19 2017 01 0,144.251,7
Sep 20 2017 01 0,149.038,10
Sep 21 2017 01 0,149.695,3
Sep 22 2017 01 0,149.966,13
Sep 23 2017 01 0,155.917,9
Sep 24 2017 01 0,151.099,9
Sep 25 2017 01 0,157.466,4
Sep 26 2017 01 0,157.552,7
Sep 27 2017 01 0,154.291,5
Sep 28 2017 01 0,143.332,7
Sep 29 2017 01 0,151.337,9
Sep 30 2017 01 0,144.316,5
Oct 01 2017 01 0,138.312,8
Oct 02 2017 01 0,147.082,5
Oct 03 2017 01 0,148.098,5
Oct 04 2017 01 0,132.625,2
Oct 05 2017 01 0,148.632,4
Oct 06 2017 01 0,143.303,7
Oct 07 2017 01 0,139.727,6
Oct 08 2017 01 0,137.468,9
Oct 09 2017 01 0,141.319,5
Oct 10 2017 01 0,143.224,6
Oct 11 2017 01 0,133.988,5
Oct 12 2017 01 0,136.42,7
Oct 13 2017 01 0,143.062,6
Oct 14 2017 01 0,140.693,14
Oct 15 2017 01 0,147.058,5
Oct 16 2017 01 0,142.084,5
Oct 17 2017 01 0,143.502,5
Oct 18 2017 01 0,139.487,5
Oct 19 2017 01 0,137.975,4
Oct 20 2017 01 0,141.133,6
Oct 21 2017 01 0,140.654,9
Oct 22 2017 01 0,140.096,6
Oct 23 2017 01 0,137.052,6
Oct 24 2017 01 0,142.657,3
Oct 25 2017 01 0,141.905,8
Oct 26 2017 01 0,140.018,1
Oct 27 2017 01 0,138.982,12
Oct 28 2017 01 0,143.074,3
Oct 29 2017 01 0,137.468,7
Oct 30 2017 01 0,133.887,7
Oct 31 2017 01 0,139.5,8
Nov 01 2017 01 0,136.844,7
Nov 02 2017 01 0,141.334,5
Nov 03 2017 01 0,139.47,3
Nov 04 2017 01 0,135.264,7
Nov 05 2017 01 0,131.209,4
Nov 06 2017 01 0,129.471,4
Nov 07 2017 01 0,133.298,10
Nov 08 2017 01 0,136.117,8
Nov 09 2017 01 0,137.856,7
Nov 10 2017 01 0,139.181,6
Nov 11 2017 01 0,130.718,3
Nov 12 2017 01 0,127.153,3
Nov 13 2017 01 0,125.423,9
Nov 14 2017 01 0,132.29,5
Nov 15 2017 01 0,138.94,6
Nov 16 2017 01 0,135.002,6
Nov 17 2017 01 0,134.021,3
Nov 18 2017 01 0,141.581,10
Nov 19 2017 01 0,133.096,3
Nov 20 2017 01 0,133.984,9
Nov 21 2017 01 0,130.226,9
Nov 22 2017 01 0,131.968,5
Nov 23 2017 01 0,134.843,6
Nov 24 2017 01 0,128.314,11
Nov 25 2017 01 0,136.647,6
Nov 26 2017 01 0,121.017,9
Nov 27 2017 01 0,130.581,7
Nov 28 2017 01 0,135.693,7
Nov 29 2017 01 0,132.546,4
Nov 30 2017 01 0,132.245,9
Dec 01 2017 01 0,135.241,7
Dec 02 2017 01 0,140.994,6
Dec 03 2017 01 0,147.599,2
Dec 04 2017 01 0,138.963,7
Dec 05 2017 01 0,135.852,3
Dec 06 2017 01 0,142.443,2
Dec 07 2017 01 0,140.267,3
Dec 08 2017 01 0,132.835,7
Dec 09 2017 01 0,132.379,4
Dec 10 2017 01 0,139.586,6
Dec 11 2017 01 0,136.474,6
Dec 12 2017 01 0,145.484,4
Dec 13 2017 01 0,143.943,3
Dec 14 2017 01 0,137.007,6
Dec 15 2017 01 0,138.149,9
Dec 16 2017 01 0,139.042,4
Dec 17 2017 01 0,141.209,3
Dec 18 2017 01 0,130.777,4
Dec 19 2017 01 0,128.684,5
Dec 20 2017 01 0,132.501,3
Dec 21 2017 01 0,131.883,7
Dec 22 2017 01 0,130.107,11
Dec 23 2017 01 0,134.064,11
Dec 24 2017 01 0,131.631,5
Dec 25 2017 01 0,148.638,7
Dec 26 2017 01 0,148.53,10
Dec 27 2017 01 0,153.966,5
Dec 28 2017 01 0,147.722,14
Dec 29 2017 01 0,156.966,4
Dec 30 2017 01 0,154.375,9
Dec 31 2017 01 0,148.982,4
Jan 01 2018 01 0,153.612,4
Jan 02 2018 01 0,151.561,9
Jan 03 2018 01 0,154.78,2
Jan 04 2018 01 0,144.124,10
Jan 05 2018 01 0,154.97,8
Jan 06 2018 01 0,149.238,7
Jan 07 2018 01 0,158.965,3
Jan 08 2018 01 0,155.641,13
Jan 09 2018 01 0,157.345,3
Jan 10 2018 01 0,157.136,5
Jan 11 2018 01 0,147.988,5
Jan 12 2018 01 0,154.781,10
Jan 13 2018 01 0,140.358,13
Jan 14 2018 01 0,150.14,4
Jan 15 2018 01 0,139.227,8
Jan 16 2018 01 0,138.764,8
Jan 17 2018 01 0,152.548,6
Jan 18 2018 01 0,155.569,7
Jan 19 2018 01 0,150.271,7
Jan 20 2018 01 0,145.199,7
Jan 21 2018 01 0,148.389,13
Jan 22 2018 01 0,149.743,9
Jan 23 2018 01 0,153.182,3
Jan 24 2018 01 0,153.206,7
Jan 25 2018 01 0,153.98,4
Jan 26 2018 01 0,162.344,5
Jan 27 2018 01 0,149.748,3
Jan 28 2018 01 0,160.119,7
Jan 29 2018 01 0,158.926,6
Jan 30 2018 01 0,155.418,6
Jan 31 2018 01 0,144.281,5
Feb 01 2018 01 0,152.217,10
Feb 02 2018 01 0,152.951,5
Feb 03 2018 01 0,157.443,8
Feb 04 2018 01 0,156.426,9
Feb 05 2018 01 0,153.16,8
Feb 06 2018 01 0,149.816,7
Feb 07 2018 01 0,155.433,3
Feb 08 2018 01 0,143.884,5
Feb 09 2018 01 0,158.406,7
Feb 10 2018 01 0,162.747,3
Feb 11 2018 01 0,157.151,8
Feb 12 2018 01 0,157.778,5
Feb 13 2018 01 0,163.31,5
Feb 14 2018 01 0,153.138,4
Feb 15 2018 01 0,152.851,4
Feb 16 2018 01 0,151.707,6
Feb 17 2018 01 0,156.325,11
Feb 18 2018 01 0,162.412,7
Feb 19 2018 01 0,160.412,7
Feb 20 2018 01 0,161.673,7
Feb 21 2018 01 0,154.148,5
Feb 22 2018 01 0,149.694,7
Feb 23 2018 01 0,155.446,7
Feb 24 2018 01 0,157.381,11
Feb 25 2018 01 0,160.115,7
Feb 26 2018 01 0,158.021,6
Feb 27 2018 01 0,157.025,6
Feb 28 2018 01 0,156.919,3
Mar 01 2018 01 0,154.116,7
Mar 02 2018 01 0,153.484,3
Mar 03 2018 01 0,151.359,6
Mar 04 2018 01 0,151.938,11
Mar 05 2018 01 0,154.784,2
Mar 06 2018 01 0,145.555,4
Mar 07 2018 01 0,134.534,9
Mar 08 2018 01 0,153.154,5
Mar 09 2018 01 0,160.648,8
Mar 10 2018 01 0,158.179,12
Mar 11 2018 01 0,153.507,8
Mar 12 2018 01 0,158.44,8
Mar 13 2018 01 0,156.112,8
Mar 14 2018 01 0,153.828,6
Mar 15 2018 01 0,148.508,5
Mar 16 2018 01 0,152.431,10
Mar 17 2018 01 0,152.393,3
Mar 18 2018 01 0,153.107,6
Mar 19 2018 01 0,146.833,3
Mar 20 2018 01 0,155.777,2
Mar 21 2018 01 0,145.048,5
Mar 22 2018 01 0,150.068,4
Mar 23 2018 01 0,142.39,4
Mar 24 2018 01 0,144.176,6
Mar 25 2018 01 0,151.921,2
Mar 26 2018 01 0,143.074,7
Mar 27 2018 01 0,139.624,4
Mar 28 2018 01 0,146.187,5
Mar 29 2018 01 0,142.885,2
Mar 30 2018 01 0,124.589,12
Mar 31 2018 01 0,129.029,8
Apr 01 2018 01 0,131.319,8
Apr 02 2018 01 0,128.777,5
Apr 03 2018 01 0,131.993,5
Apr 04 2018 01 0,134.042,11
Apr 05 2018 01 0,136.348,6
Apr 06 2018 01 0,138.766,9
Apr 07 2018 01 0,132.616,10
Apr 08 2018 01 0,128.589,11
Apr 09 2018 01 0,131.618,5
Apr 10 2018 01 0,130.3,8
Apr 11 2018 01 0,130.139,6
Apr 12 2018 01 0,138.935,6
Apr 13 2018 01 0,132.788,8
Apr 14 2018 01 0,127.956,7
Apr 15 2018 01 0,127.694,9
Apr 16 2018 01 0,135.777,6
Apr 17 2018 01 0,135.493,6
Apr 18 2018 01 0,122.787,3
Apr 19 2018 01 0,136.993,4
Apr 20 2018 01 0,139.984,6
Apr 21 2018 01 0,134.854,12
Apr 22 2018 01 0,132.669,9
Apr 23 2018 01 0,120.329,3
Apr 24 2018 01 0,142.671,5
Apr 25 2018 01 0,142.872,6
Apr 26 2018 01 0,127.508,5
Apr 27 2018 01 0,122.312,8
Apr 28 2018 01 0,135.059,12
Apr 29 2018 01 0,128.497,7
Apr 30 2018 01 0,129.785,8
May 01 2018 01 0,122.16,3
May 02 2018 01 0,127.096,5
May 03 2018 01 0,133.735,9
May 04 2018 01 0,131.403,5
May 05 2018 01 0,131.369,7
May 06 2018 01 0,120.352,10
May 07 2018 01 0,138.82,8
May 08 2018 01 0,135.616,6
May 09 2018 01 0,127.424,6
May 10 2018 01 0,127.698,8
May 11 2018 01 0,130.594,7
May 12 2018 01 0,131.493,11
May 13 2018 01 0,129.855,7
May 14 2018 01 0,137.349,8
May 15 2018 01 0,143.712,3
May 16 2018 01 0,115.725,6
May 17 2018 01 0,140.284,5
May 18 2018 01 0,139.103,4
May 19 2018 01 0,138.991,8
May 20 2018 01 0,136.676,3
May 21 2018 01 0,143.111,6
May 22 2018 01 0,135.201,3
May 23 2018 01 0,135.8,6
May 24 2018 01 0,135.991,6
May 25 2018 01 0,136.423,5
May 26 2018 01 0,129.881,3
May 27 2018 01 0,130.642,7
May 28 2018 01 0,136.366,8
May 29 2018 01 0,143.75,5
May 30 2018 01 0,146.793,4
May 31 2018 01 0,140.605,5
Jun 01 2018 01 0,138.822,7
Jun 02 2018 01 0,130.39,7
Jun 03 2018 01 0,129.787,8
Jun 04 2018 01 0,133.329,6
Jun 05 2018 01 0,130.533,7
Jun 06 2018 01 0,139.726,7
Jun 07 2018 01 0,127.821,5
Jun 08 2018 01 0,141.551,4
Jun 09 2018 01 0,128.797,10
Jun 10 2018 01 0,118.958,11
Jun 11 2018 01 0,126.581,6
Jun 12 2018 01 0,125.899,4
Jun 13 2018 01 0,119.722,10
Jun 14 2018 01 0,117.329,8
Jun 15 2018 01 0,127.616,7
Jun 16 2018 01 0,129.112,8
Jun 17 2018 01 0,123.037,9
Jun 18 2018 01 0,121.646,4
Jun 19 2018 01 0,122.092,12
Jun 20 2018 01 0,131.718,12
Jun 21 2018 01 0,122.688,5
Jun 22 2018 01 0,113.37,14
Jun 23 2018 01 0,119.14,6
Jun 24 2018 01 0,121.577,5
Jun 25 2018 01 0,123.795,6
Jun 26 2018 01 0,114.462,4
Jun 27 2018 01 0,114.267,5
Jun 28 2018 01 0,115.151,9
Jun 29 2018 01 0,117.418,12
Jun 30 2018 01 0,112.681,9
Jul 01 2018 01 0,121.277,5
Jul 02 2018 01 0,119.48,7
Jul 03 2018 01 0,121.284,4
Jul 04 2018 01 0,123.465,7
Jul 05 2018 01 0,127.48,2
Jul 06 2018 01 0,129.402,10
Jul 07 2018 01 0,123.11,3
Jul 08 2018 01 0,134.555,6
Jul 09 2018 01 0,109.651,6
Jul 10 2018 01 0,139.419,10
Jul 11 2018 01 0,129.992,7
Jul 12 2018 01 0,132.298,8
Jul 13 2018 01 0,134.557,7
Jul 14 2018 01 0,137.748,8
Jul 15 2018 01 0,141.943,3
Jul 16 2018 01 0,138.087,5
Jul 17 2018 01 0,146.027,3
Jul 18 2018 01 0,136.45,4
Jul 19 2018 01 0,141.168,6
Jul 20 2018 01 0,143.291,8
Jul 21 2018 01 0,148.409,5
Jul 22 2018 01 0,140.663,8
Jul 23 2018 01 0,134.534,3
Jul 24 2018 01 0,152.419,7
Jul 25 2018 01 0,130.982,6
Jul 26 2018 01 0,137.834,5
Jul 27 2018 01 0,138.009,5
Jul 28 2018 01 0,135.054,5
Jul 29 2018 01 0,136.957,10
Jul 30 2018 01 0,143.063,4
Jul 31 2018 01 0,136.06,2
Aug 01 2018 01 0,135.161,5
Aug 02 2018 01 0,141.58,10
Aug 03 2018 01 0,131.73,13
Aug 04 2018 01 0,141.024,6
Aug 05 2018 01 0,154.022,7
Aug 06 2018 01 0,137.041,5
Aug 07 2018 01 0,140.661,7
Aug 08 2018 01 0,132.624,6
Aug 09 2018 01 0,141.715,3
Aug 10 2018 01 0,129.587,13
Aug 11 2018 01 0,133.56,12
Aug 12 2018 01 0,133.866,6
Aug 13 2018 01 0,134.966,6
Aug 14 2018 01 0,129.296,10
Aug 15 2018 01 0,134.613,4
Aug 16 2018 01 0,137.263,7
Aug 17 2018 01 0,129.701,8
Aug 18 2018 01 0,136.627,14
Aug 19 2018 01 0,128.51,4
Aug 20 2018 01 0,124.314,3
Aug 21 2018 01 0,121.765,8
Aug 22 2018 01 0,128.481,10
Aug 23 2018 01 0,136.259,10
Aug 24 2018 01 0,131.577,10
Aug 25 2018 01 0,126.615,5
Aug 26 2018 01 0,137.492,8
Aug 27 2018 01 0,140.75,11
Aug 28 2018 01 0,145.079,5
Aug 29 2018 01 0,148.209,4
Aug 30 2018 01 0,134.173,7
Aug 31 2018 01 0,147.279,10
Sep 01 2018 01 0,157.615,6
Sep 02 2018 01 0,146.195,5
Sep 03 2018 01 0,141.045,7
Sep 04 2018 01 0,147.125,2
Sep 05 2018 01 0,146.042,6
Sep 06 2018 01 0,149.88,7
Sep 07 2018 01 0,147.677,6
Sep 08 2018 01 0,148.054,8
Sep 09 2018 01 0,158.386,9
Sep 10 2018 01 0,147.039,5
Sep 11 2018 01 0,150.857,5
Sep 12 2018 01 0,158.198,7
Sep 13 2018 01 0,146.394,6
Sep 14 2018 01 0,149.893,8
Sep 15 2018 01 0,144.103,7
Sep 16 2018 01 0,153.673,7
Sep 17 2018 01 0,154.07,5
Sep 18 2018 01 0,152.165,6
Sep 19 2018 01 0,150.752,5
Sep 20 2018 01 0,151.925,5
Sep 21 2018 01 0,149.774,9
Sep 22 2018 01 0,159.215,10
Sep 23 2018 01 0,154.419,5
Sep 24 2018 01 0,153.275,7
Sep 25 2018 01 0,149.55,4
Sep 26 2018 01 0,142.411,4
Sep 27 2018 01 0,157.737,8
Sep 28 2018 01 0,150.9,4
Sep 29 2018 01 0,157.912,10
Sep 30 2018 01 0,163.979,4
Oct 01 2018 01 0,159.946,6
Oct 02 2018 01 0,171.49,3
Oct 03 2018 01 0,173.812,4
Oct 04 2018 01 0,165.72,7
Oct 05 2018 01 0,169.417,5
Oct 06 2018 01 0,169.573,4
Oct 07 2018 01 0,172.106,2
Oct 08 2018 01 0,162.503,2
Oct 09 2018 01 0,171.129,2
Oct 10 2018 01 0,159.814,7
Oct 11 2018 01 0,160.218,9
Oct 12 2018 01 0,162.787,3
Oct 13 2018 01 0,162.435,5
Oct 14 2018 01 0,157.898,7
Oct 15 2018 01 0,164.873,6
Oct 16 2018 01 0,154.7,4
Oct 17 2018 01 0,160.391,6
Oct 18 2018 01 0,151.667,6
Oct 19 2018 01 0,165.712,5
Oct 20 2018 01 0,167.565,6
Oct 21 2018 01 0,164.717,3
Oct 22 2018 01 0,157.43,1
Oct 23 2018 01 0,167.153,6
Oct 24 2018 01 0,157.901,2
Oct 25 2018 01 0,157.797,4
Oct 26 2018 01 0,157.6,5
Oct 27 2018 01 0,165.547,2
Oct 28 2018 01 0,164.361,5
Oct 29 2018 01 0,145.717,1
Oct 30 2018 01 0,164.19,4
Oct 31 2018 01 0,168.265,4
Nov 01 2018 01 0,171.34,3
Nov 02 2018 01 0,161.994,6
Nov 03 2018 01 0,164.738,4
Nov 04 2018 01 0,155.884,6
Nov 05 2018 01 0,167.405,4
Nov 06 2018 01 0,166.866,4
Nov 07 2018 01 0,167.309,5
Nov 08 2018 01 0,165.06,5
Nov 09 2018 01 0,162.449,6
Nov 10 2018 01 0,159.849,2
Nov 11 2018 01 0,161.71,7
Nov 12 2018 01 0,156.516,3
Nov 13 2018 01 0,166.81,3
Nov 14 2018 01 0,147.57,4
Nov 15 2018 01 0,151.381,2
Nov 16 2018 01 0,164.915,3
Nov 17 2018 01 0,161.141,6
Nov 18 2018 01 0,156.529,4
Nov 19 2018 01 0,158.546,3
Nov 20 2018 01 0,155.599,3
Nov 21 2018 01 0,149.899,3
Nov 22 2018 01 0,149.371,4
Nov 23 2018 01 0,146.733,6
Nov 24 2018 01 0,156.577,2
Nov 25 2018 01 0,139.554,6
Nov 26 2018 01 0,143.737,5
Nov 27 2018 01 0,143.62,5
Nov 28 2018 01 0,142.039,6
Nov 29 2018 01 0,140.007,5
Nov 30 2018 01 0,142.333,6
Dec 01 2018 01 0,146.597,8
Dec 02 2018 01 0,147.578,5
Dec 03 2018 01 0,138.128,6
Dec 04 2018 01 0,133.716,2
Dec 05 2018 01 0,152.514,7
Dec 06 2018 01 0,156.646,3
Dec 07 2018 01 0,152.497,5
Dec 08 2018 01 0,145.908,5
Dec 09 2018 01 0,151.006,2
Dec 10 2018 01 0,146.794,2
Dec 12 2018 01 0,157.443,2
Dec 13 2018 01 0,147.9,4
Dec 14 2018 01 0,150.027,5
Dec 15 2018 01 0,143.95,5
Dec 16 2018 01 0,152.77,7
Dec 17 2018 01 0,155.979,5
Dec 18 2018 01 0,161.111,3
Dec 19 2018 01 0,151.556,5
Dec 20 2018 01 0,152.407,7
Dec 21 2018 01 0,145.61,7
Dec 22 2018 01 0,150.909,4
Dec 23 2018 01 0,149.976,6
Dec 24 2018 01 0,151.965,7
Dec 25 2018 01 0,160.415,5
Dec 26 2018 01 0,153.685,6
Dec 27 2018 01 0,154.845,10
Dec 28 2018 01 0,157.422,6
Dec 29 2018 01 0,163.022,9
Dec 30 2018 01 0,165.945,6
Dec 31 2018 01 0,165.295,5
Jan 01 2019 01 0,163.584,6
Jan 02 2019 01 0,156.226,7
Jan 03 2019 01 0,157.46,6
Jan 04 2019 01 0,155.623,7
Jan 05 2019 01 0,166.37,8
Jan 06 2019 01 0,150.013,12
Jan 07 2019 01 0,151.772,5
Jan 08 2019 01 0,159.976,3
Jan 09 2019 01 0,154.699,5
Jan 10 2019 01 0,159.231,7
Jan 11 2019 01 0,164.455,6
Jan 12 2019 01 0,164.21,10
Jan 13 2019 01 0,157.98,11
Jan 14 2019 01 0,157.617,4
Jan 15 2019 01 0,161.587,6
Jan 16 2019 01 0,156.681,9
Jan 17 2019 01 0,164.47,4
Jan 18 2019 01 0,162.079,6
Jan 19 2019 01 0,157.864,11
Jan 20 2019 01 0,171.799,6
Jan 21 2019 01 0,170.338,6
Jan 22 2019 01 0,180.514,7
Jan 23 2019 01 0,164.376,5
Jan 24 2019 01 0,168.843,3
Jan 25 2019 01 0,188.041,3
Jan 26 2019 01 0,149.554,7
Jan 27 2019 01 0,163.261,10
Jan 28 2019 01 0,149.586,13
Jan 29 2019 01 0,178.496,4
Jan 30 2019 01 0,169.304,5
Jan 31 2019 01 0,171.432,5
Feb 01 2019 01 0,160.863,2
Feb 02 2019 01 0,174.313,7
Feb 03 2019 01 0,178.53,6
Feb 04 2019 01 0,169.391,5
Feb 05 2019 01 0,166.979,8
Feb 06 2019 01 0,157.325,6
Feb 07 2019 01 0,161.805,5
Feb 08 2019 01 0,157.818,5
Feb 09 2019 01 0,161.841,7
Feb 10 2019 01 0,168.035,4
Feb 11 2019 01 0,168.272,7
Feb 12 2019 01 0,166.519,7
Feb 13 2019 01 0,166.95,4
Feb 14 2019 01 0,162.432,6
Feb 15 2019 01 0,165.005,3
Feb 16 2019 01 0,165.312,7
Feb 17 2019 01 0,164.725,3
Feb 18 2019 01 0,162.85,1
Feb 19 2019 01 0,165.429,5
Feb 20 2019 01 0,165.939,2
Feb 21 2019 01 0,160.827,3
Feb 22 2019 01 0,170.706,7
Feb 23 2019 01 0,172.192,7
Feb 24 2019 01 0,168.664,6
Feb 25 2019 01 0,172.248,6
Feb 26 2019 01 0,174.151,4
Feb 27 2019 01 0,171.24,3
Feb 28 2019 01 0,178.179,6
Mar 01 2019 01 0,179.911,6
Mar 02 2019 01 0,170.335,9
Mar 03 2019 01 0,174.567,6
Mar 04 2019 01 0,176.814,7
Mar 05 2019 01 0,181.891,8
Mar 06 2019 01 0,182.04,2
Mar 07 2019 01 0,177.078,3
Mar 08 2019 01 0,175.964,7
Mar 09 2019 01 0,186.065,10
Mar 10 2019 01 0,195.758,4
Mar 11 2019 01 0,190.826,2
Mar 12 2019 01 0,189.729,6
Mar 13 2019 01 0,198.033,4
Mar 14 2019 01 0,179.574,4
Mar 15 2019 01 0,193.321,3
Mar 16 2019 01 0,179.306,6
Mar 17 2019 01 0,176.583,7
Mar 18 2019 01 0,192.102,4
Mar 19 2019 01 0,177.257,4
Mar 20 2019 01 0,177.647,7
Mar 21 2019 01 0,193.254,4
Mar 22 2019 01 0,184.717,6
Mar 23 2019 01 0,186.526,7
Mar 24 2019 01 0,187.984,1
Mar 25 2019 01 0,178.311,8
Mar 26 2019 01 0,179.477,3
Mar 27 2019 01 0,169.64,7
Mar 28 2019 01 0,182.091,5
Mar 29 2019 01 0,183.322,5
Mar 30 2019 01 0,180.083,8
Mar 31 2019 01 0,174.427,10
Apr 01 2019 01 0,182.745,5
Apr 02 2019 01 0,177.483,5
Apr 03 2019 01 0,185.964,5
Apr 04 2019 01 0,175.912,2
Apr 05 2019 01 0,180.689,10
Apr 06 2019 01 0,185.888,6
Apr 07 2019 01 0,181.145,13
Apr 08 2019 01 0,190.4,5
Apr 09 2019 01 0,196.108,3
Apr 10 2019 01 0,191.323,5
Apr 11 2019 01 0,191.448,4
Apr 12 2019 01 0,200.036,5
Apr 13 2019 01 0,193.727,4
Apr 14 2019 01 0,193.81,8
Apr 15 2019 01 0,202.446,1
Apr 16 2019 01 0,195.078,5
Apr 17 2019 01 0,186.865,4
Apr 18 2019 01 0,195.35,5
Apr 19 2019 01 0,194.146,6
Apr 20 2019 01 0,195.893,3
Apr 21 2019 01 0,185.924,6
Apr 22 2019 01 0,183.626,2
Apr 23 2019 01 0,202.789,5
Apr 24 2019 01 0,198.288,2
Apr 25 2019 01 0,197.673,2
Apr 26 2019 01 0,186.582,6
Apr 27 2019 01 0,175.875,3
Apr 28 2019 01 0,184.713,5
Apr 29 2019 01 0,194.72,7
Apr 30 2019 01 0,189.819,10
May 01 2019 01 0,189.79,5
May 02 2019 01 0,193.235,6
May 03 2019 01 0,200.715,9
May 04 2019 01 0,159.679,7
May 05 2019 01 0,202.529,7
May 06 2019 01 0,206.215,7
May 07 2019 01 0,200.123,3
May 08 2019 01 0,192.061,8
May 09 2019 01 0,194.83,2
May 10 2019 01 0,204.849,4
May 11 2019 01 0,203.41,4
May 12 2019 01 0,211.062,6
May 13 2019 01 0,204.418,4
May 15 2019 01 0,201.811,4
May 16 2019 01 0,205.077,4
May 17 2019 01 0,202.352,6
May 18 2019 01 0,195.253,9
May 19 2019 01 0,197.516,9
May 20 2019 01 0,197.57,5
May 21 2019 01 0,197.982,7
May 22 2019 01 0,200.594,4
May 23 2019 01 0,206.629,3
May 24 2019 01 0,199.338,8
May 25 2019 01 0,210.288,2
May 26 2019 01 0,204.779,8
May 27 2019 01 0,217.052,5
May 28 2019 01 0,213.305,3
May 29 2019 01 0,196.068,5
May 30 2019 01 0,194.645,3
May 31 2019 01 0,206.669,2
Jun 01 2019 01 0,200.157,5
Jun 02 2019 01 0,210.307,5
Jun 03 2019 01 0,211.365,7
Jun 04 2019 01 0,217.254,5
Jun 05 2019 01 0,214.904,5
Jun 06 2019 01 0,209.425,4
Jun 07 2019 01 0,222.385,7
Jun 08 2019 01 0,235.89,4
Jun 09 2019 01 0,212.473,4
Jun 10 2019 01 0,230.35,5
Jun 12 2019 01 0,225.755,4
Jun 13 2019 01 0,231.669,4
Jun 14 2019 01 0,227.225,5
Jun 15 2019 01 0,223.11,6
Jun 16 2019 01 0,226.094,2
Jun 17 2019 01 0,209.244,1
Jun 18 2019 01 0,206.786,5
Jun 19 2019 01 0,202.734,1
Jun 20 2019 01 0,215.328,8
Jun 21 2019 01 0,219.491,7
Jun 22 2019 01 0,224.626,3
Jun 23 2019 01 0,225.471,4
Jun 24 2019 01 0,225.083,4
Jun 25 2019 01 0,211.998,4
Jun 26 2019 01 0,208.704,5
Jun 27 2019 01 0,209.097,5
Jun 28 2019 01 0,217.099,2
Jun 29 2019 01 0,201.364,4
Jun 30 2019 01 0,214.481,2
Jul 01 2019 01 0,217.846,5
Jul 02 2019 01 0,213.344,2
Jul 03 2019 01 0,205.537,4
Jul 04 2019 01 0,225.096,2
Jul 05 2019 01 0,220.816,3
Jul 06 2019 01 0,214.627,4
Jul 07 2019 01 0,223.438,5
Jul 08 2019 01 0,230.422,6
Jul 09 2019 01 0,225.191,2
Jul 10 2019 01 0,227.969,3
Jul 11 2019 01 0,234.744,5
Jul 12 2019 01 0,226.998,8
Jul 13 2019 01 0,226.819,8
Jul 14 2019 01 0,229.746,6
Jul 15 2019 01 0,231.034,3
Jul 16 2019 01 0,239.512,4
Jul 17 2019 01 0,223.869,5
Jul 18 2019 01 0,235.863,3
Jul 19 2019 01 0,235.797,2
Jul 20 2019 01 0,242.223,2
Jul 21 2019 01 0,240.528,4
Jul 22 2019 01 0,238.804,3
Jul 23 2019 01 0,247.176,2
Jul 24 2019 01 0,235.002,4
Jul 25 2019 01 0,238.486,5
Jul 26 2019 01 0,229.052,5
Jul 27 2019 01 0,244.587,1
Jul 28 2019 01 0,233.234,2
Jul 29 2019 01 0,225.038,2
Jul 30 2019 01 0,223.181,3
Jul 31 2019 01 0,235.065,5
Aug 01 2019 01 0,233.558,5
Aug 02 2019 01 0,230.532,4
Aug 03 2019 01 0,228.584,6
Aug 04 2019 01 0,239.392,10
Aug 05 2019 01 0,245.791,3
Aug 06 2019 01 0,246.918,4
Aug 07 2019 01 0,240.796,4
Aug 08 2019 01 0,247.247,2
Aug 09 2019 01 0,243.426,4
Aug 10 2019 01 0,248.456,9
Aug 12 2019 01 0,286.991,2
Aug 13 2019 01 0,247.441,4
Aug 14 2019 01 0,241.846,5
Aug 15 2019 01 0,254.344,2
Aug 16 2019 01 0,250.722,3
Aug 17 2019 01 0,253.304,5
Aug 18 2019 01 0,262.759,3
Aug 19 2019 01 0,261.247,3
Aug 20 2019 01 0,230.002,1
Aug 21 2019 01 0,237.304,5
Aug 22 2019 01 0,234.203,2
Aug 23 2019 01 0,245.725,5
Aug 24 2019 01 0,242.951,3
Aug 25 2019 01 0,258.141,1
Aug 26 2019 01 0,245.723,3
Aug 27 2019 01 0,235.012,3
Aug 28 2019 01 0,227.196,2
Aug 29 2019 01 0,246.306,5
Aug 30 2019 01 0,238.856,6
Aug 31 2019 01 0,256.601,4
Sep 01 2019 01 0,262.322,9
Sep 02 2019 01 0,266.911,7
Sep 03 2019 01 0,250.881,4
Sep 04 2019 01 0,262.762,2
Sep 05 2019 01 0,285.004,1
Sep 06 2019 01 0,263.264,6
Sep 07 2019 01 0,261.864,5
Sep 08 2019 01 0,265.434,5
Sep 09 2019 01 0,268.536,2
Sep 10 2019 01 0,241.371,6
Sep 11 2019 01 0,260.68,3
Sep 12 2019 01 0,267.696,5
Sep 13 2019 01 0,255.449,3
Sep 14 2019 01 0,265.553,5
Sep 15 2019 01 0,284.235,5
Sep 16 2019 01 0,221.948,6
Sep 17 2019 01 0,264.521,3
Sep 18 2019 01 0,269.102,5
Sep 19 2019 01 0,243.702,2
Sep 20 2019 01 0,272.006,6
Sep 21 2019 01 0,255.665,4
Sep 22 2019 01 0,268.503,3
Sep 23 2019 01 0,260.242,2
Sep 24 2019 01 0,258.58,2
Sep 25 2019 01 0,268.316,4
Sep 26 2019 01 0,266.532,4
Sep 27 2019 01 0,258.699,6
Sep 28 2019 01 0,266.045,5
Sep 29 2019 01 0,275.104,6
Sep 30 2019 01 0,283.617,2
Oct 01 2019 01 0,276.657,4
Oct 02 2019 01 0,261.548,3
Oct 03 2019 01 0,259.255,1
Oct 04 2019 01 0,295.482,1
Oct 05 2019 01 0,259.122,5
Oct 06 2019 01 0,286.233,4
Oct 07 2019 01 0,267.544,5
Oct 09 2019 01 0,283.792,1
Oct 10 2019 01 0,265.533,6
Oct 11 2019 01 0,252.1,1
Oct 12 2019 01 0,263.718,6
Oct 13 2019 01 0,256.637,2
Oct 14 2019 01 0,278.51,2
Oct 15 2019 01 0,263.858,3
Oct 16 2019 01 0,269.671,6
Oct 18 2019 01 0,255.496,3
Oct 19 2019 01 0,257.447,1
Oct 20 2019 01 0,259.657,7
Oct 21 2019 01 0,276.882,4
Oct 22 2019 01 0,240.004,1
Oct 23 2019 01 0,254.991,4
Oct 24 2019 01 0,262.373,4
Oct 25 2019 01 0,261.178,3
Oct 26 2019 01 0,243.343,3
Oct 27 2019 01 0,266.248,4
Oct 28 2019 01 0,268.166,1
Oct 30 2019 01 0,265.8,3
Oct 31 2019 01 0,260.439,4
Nov 01 2019 01 0,249.391,4
Nov 02 2019 01 0,260.82,5
Nov 03 2019 01 0,277.882,2
Nov 04 2019 01 0,295.28,1
Nov 05 2019 01 0,273.393,4
Nov 06 2019 01 0,278.19,1
Nov 07 2019 01 0,273.279,1
Nov 08 2019 01 0,281.22,1
Nov 09 2019 01 0,270.872,4
Nov 10 2019 01 0,264.165,4
Nov 11 2019 01 0,257.508,3
Nov 12 2019 01 0,259.686,7
Nov 13 2019 01 0,262.293,1
Nov 14 2019 01 0,283.106,2
Nov 15 2019 01 0,279.861,3
Nov 16 2019 01 0,268.975,5
Nov 17 2019 01 0,274.68,5
Nov 18 2019 01 0,265.405,1
Nov 19 2019 01 0,231.115,6
Nov 20 2019 01 0,225.522,2
Nov 21 2019 01 0,231.376,4
Nov 22 2019 01 0,255.012,1
Nov 23 2019 01 0,256.857,3
Nov 25 2019 01 0,247.086,3
Nov 26 2019 01 0,232.015,3
Nov 27 2019 01 0,238.009,5
Nov 28 2019 01 0,236.909,5
Nov 29 2019 01 0,243.409,8
Nov 30 2019 01 0,249.998,1
Dec 01 2019 01 0,242.806,5
Dec 02 2019 01 0,255.625,5
Dec 03 2019 01 0,253.956,3
Dec 04 2019 01 0,255.723,2
Dec 05 2019 01 0,252.854,7
Dec 06 2019 01 0,257.21,5
Dec 07 2019 01 0,266.05,5
Dec 08 2019 01 0,255.088,4
Dec 09 2019 01 0,236.857,4
Dec 10 2019 01 0,262.866,6
Dec 11 2019 01 0,263.463,2
Dec 12 2019 01 0,275.73,2
Dec 13 2019 01 0,269.893,6
Dec 14 2019 01 0,251.061,3
Dec 15 2019 01 0,252.021,2
Dec 16 2019 01 0,253.891,3
Dec 17 2019 01 0,268.524,5
Dec 18 2019 01 0,266.685,3
Dec 19 2019 01 0,269.004,4
Dec 20 2019 01 0,270.617,6
Dec 21 2019 01 0,268.69,2
Dec 22 2019 01 0,260.954,5
Dec 23 2019 01 0,240.911,4
Dec 24 2019 01 0,258.876,5
Dec 25 2019 01 0,241.022,4
Dec 26 2019 01 0,270.365,7
Dec 27 2019 01 0,332.62,1
Dec 28 2019 01 0,264.774,6
Dec 29 2019 01 0,273.799,5
Dec 30 2019 01 0,277.35,4
Dec 31 2019 01 0,285.335,3
Jan 01 2020 01 0,291.06,3
Jan 02 2020 01 0,295.18,2
Jan 03 2020 01 0,293.897,4
Jan 04 2020 01 0,294.108,3
Jan 05 2020 01 0,293.59,6
Jan 06 2020 01 0,280.683,3
Jan 07 2020 01 0,310.018,1
Jan 09 2020 01 0,267.357,4
Jan 10 2020 01 0,293.301,2
Jan 11 2020 01 0,291.038,2
Jan 12 2020 01 0,282.317,3
Jan 13 2020 01 0,308.26,5
Jan 14 2020 01 0,321.171,1
Jan 15 2020 01 0,293.382,2
Jan 16 2020 01 0,264.954,3
Jan 17 2020 01 0,296.559,3
Jan 18 2020 01 0,279.6,1
Jan 19 2020 01 0,289.183,5
Jan 20 2020 01 0,303.235,3
Jan 21 2020 01 0,311,1
Jan 22 2020 01 0,266.942,1
Jan 23 2020 01 0,283.492,5
Jan 24 2020 01 0,281.186,6
Jan 25 2020 01 0,283.365,3
Jan 26 2020 01 0,266.209,1
Jan 27 2020 01 0,288.071,5
Jan 28 2020 01 0,279.562,3
Jan 29 2020 01 0,279.664,3
Jan 30 2020 01 0,299.173,4
Jan 31 2020 01 0,282.913,3
Feb 01 2020 01 0,273.949,1
Feb 02 2020 01 0,296.349,4
Feb 03 2020 01 0,298.011,3
Feb 04 2020 01 0,298.386,5
Feb 05 2020 01 0,274.452,1
Feb 06 2020 01 0,284.216,2
Feb 07 2020 01 0,279.735,5
Feb 08 2020 01 0,278.181,2
Feb 09 2020 01 0,297.882,7
Feb 10 2020 01 0,278.271,2
Feb 11 2020 01 0,302.294,2
Feb 13 2020 01 0,277.534,3
Feb 14 2020 01 0,274.357,1
Feb 15 2020 01 0,288.009,2
Feb 16 2020 01 0,278.75,2
Feb 17 2020 01 0,274.717,3
Feb 18 2020 01 0,294.569,2
Feb 20 2020 01 0,276.66,2
Feb 21 2020 01 0,295,1
Feb 22 2020 01 0,277.792,7
Feb 23 2020 01 0,277.578,3
Feb 24 2020 01 0,268.414,1
Feb 25 2020 01 0,294.955,3
Feb 26 2020 01 0,295.347,3
Feb 27 2020 01 0,281.266,3
Feb 28 2020 01 0,287.545,2
Feb 29 2020 01 0,275.79,1
Mar 01 2020 01 0,279.366,9
Mar 02 2020 01 0,300.418,2
Mar 03 2020 01 0,307.749,1
Mar 04 2020 01 0,297.157,2
Mar 05 2020 01 0,315.399,3
Mar 06 2020 01 0,297.456,4
Mar 07 2020 01 0,297.005,2
Mar 08 2020 01 0,294.854,1
Mar 09 2020 01 0,298.026,2
Mar 10 2020 01 0,271.619,3
Mar 11 2020 01 0,281.346,4
Mar 12 2020 01 0,258.87,1
Mar 13 2020 01 0,274.937,2
Mar 14 2020 01 0,283.606,6
Mar 15 2020 01 0,275.856,2
Mar 16 2020 01 0,270.479,6
Mar 17 2020 01 0,245.631,2
Mar 18 2020 01 0,275.2,2
Mar 20 2020 01 0,277.999,3
Mar 21 2020 01 0,275.926,3
Mar 22 2020 01 0,266.077,6
Mar 23 2020 01 0,263.109,5
Mar 24 2020 01 0,239,1
Mar 25 2020 01 0,269.003,8
Mar 26 2020 01 0,281.623,3
Mar 27 2020 01 0,277.105,2
Mar 28 2020 01 0,280.598,2
Mar 29 2020 01 0,288.533,3
Mar 30 2020 01 0,284.579,4
Mar 31 2020 01 0,266.176,6
Apr 01 2020 01 0,257.54,7
Apr 02 2020 01 0,271.077,4
Apr 03 2020 01 0,269.815,4
Apr 04 2020 01 0,276.68,3
Apr 05 2020 01 0,252.844,7
Apr 06 2020 01 0,277.699,7
Apr 07 2020 01 0,295.132,2
Apr 08 2020 01 0,262.82,3
Apr 09 2020 01 0,275.73,7
Apr 10 2020 01 0,284.621,6
Apr 11 2020 01 0,286.364,6
Apr 12 2020 01 0,288.435,4
Apr 13 2020 01 0,277.975,5
Apr 14 2020 01 0,262.518,6
Apr 15 2020 01 0,283.161,4
Apr 16 2020 01 0,278.885,4
Apr 17 2020 01 0,287.927,2
Apr 18 2020 01 0,292.085,7
Apr 19 2020 01 0,281.205,6
Apr 20 2020 01 0,276.421,3
Apr 21 2020 01 0,276.721,9
Apr 22 2020 01 0,284.056,6
Apr 23 2020 01 0,271.119,3
Apr 24 2020 01 0,276.799,6
Apr 25 2020 01 0,291.706,3
Apr 26 2020 01 0,232.926,3
Apr 27 2020 01 0,288.495,7
Apr 28 2020 01 0,288.027,2
Apr 29 2020 01 0,298.18,3
Apr 30 2020 01 0,275.779,1
May 01 2020 01 0,291.573,3
May 02 2020 01 0,295.009,8
May 03 2020 01 0,299.84,3
May 04 2020 01 0,303.692,4
May 05 2020 01 0,298.165,2
May 06 2020 01 0,320.854,4
May 07 2020 01 0,344,1
May 08 2020 01 0,327.589,2
May 09 2020 01 0,318.153,3
May 10 2020 01 0,316.595,3
May 11 2020 01 0,302.029,2
May 12 2020 01 0,318.734,3
May 13 2020 01 0,263.344,4
May 15 2020 01 0,312.81,5
May 16 2020 01 0,327.979,5
May 17 2020 01 0,325.037,1
May 18 2020 01 0,316.185,2
May 19 2020 01 0,323.096,3
May 20 2020 01 0,328.99,1
May 21 2020 01 0,308.272,2
May 22 2020 01 0,320.14,2
May 23 2020 01 0,294.721,3
May 24 2020 01 0,299.283,4
May 25 2020 01 0,341.522,1
May 26 2020 01 0,262.589,5
May 27 2020 01 0,296.933,2
May 28 2020 01 0,277.348,2
May 29 2020 01 0,305.289,3
May 30 2020 01 0,281.106,3
May 31 2020 01 0,298.133,6
Jun 02 2020 01 0,307.942,2
Jun 03 2020 01 0,315.97,1
Jun 04 2020 01 0,293.389,5
Jun 05 2020 01 0,296.86,2
Jun 06 2020 01 0,302.298,2
Jun 07 2020 01 0,300.127,5
Jun 08 2020 01 0,293.323,2
Jun 09 2020 01 0,313.691,3
Jun 11 2020 01 0,311.977,1
Jun 12 2020 01 0,316.555,5
Jun 14 2020 01 0,319.205,5
Jun 15 2020 01 0,299.209,1
Jun 16 2020 01 0,310.017,1
Jun 17 2020 01 0,310.668,2
Jun 19 2020 01 0,292.44,1
Jun 20 2020 01 0,283.872,5
Jun 21 2020 01 0,290.712,2
Jun 22 2020 01 0,312.2,2
Jun 23 2020 01 0,310.836,5
Jun 24 2020 01 0,280.417,2
Jun 25 2020 01 0,293.728,2
Jun 26 2020 01 0,308.322,6
Jun 27 2020 01 0,320.515,2
Jun 28 2020 01 0,312.722,1
Jun 29 2020 01 0,316.291,2
Jun 30 2020 01 0,307,1
Jul 02 2020 01 0,310.208,10
Jul 03 2020 01 0,320.009,1
Jul 04 2020 01 0,316.636,3
Jul 05 2020 01 0,315.005,3
Jul 06 2020 01 0,310.166,2
Jul 07 2020 01 0,311.152,2
Jul 08 2020 01 0,328.924,4
Jul 09 2020 01 0,321.984,3
Jul 10 2020 01 0,323.002,5
Jul 11 2020 01 0,341.681,4
Jul 12 2020 01 0,337.015,2
Jul 13 2020 01 0,338.892,1
Jul 14 2020 01 0,353.59,1
Jul 15 2020 01 0,340.549,1
Jul 16 2020 01 0,349.784,2
Jul 17 2020 01 0,323.437,4
Jul 18 2020 01 0,353.141,2
Jul 19 2020 01 0,370.297,3
Jul 20 2020 01 0,329.895,1
Jul 21 2020 01 0,346.963,4
Jul 22 2020 01 0,350.617,3
Jul 23 2020 01 0,337.611,1
Jul 24 2020 01 0,364.401,2
Jul 25 2020 01 0,339.355,3
Jul 26 2020 01 0,342.411,4
Jul 27 2020 01 0,370,1
Jul 28 2020 01 0,329.056,1
Jul 29 2020 01 0,334.207,1
Jul 30 2020 01 0,321.42,3
Aug 01 2020 01 0,338.746,3
Aug 02 2020 01 0,345.691,2
Aug 03 2020 01 0,354.845,3
Aug 05 2020 01 0,345.872,2
Aug 06 2020 01 0,355.063,2
Aug 07 2020 01 0,336.686,2
Aug 08 2020 01 0,336.709,3
Aug 10 2020 01 0,326.602,3
Aug 11 2020 01 0,331.005,1
Aug 12 2020 01 0,338.918,3
Aug 13 2020 01 0,317.333,2
Aug 14 2020 01 0,350.395,3
Aug 15 2020 01 0,311.406,1
Aug 16 2020 01 0,350.821,2
Aug 17 2020 01 0,357.382,3
Aug 18 2020 01 0,337.339,2
Aug 19 2020 01 0,378.79,2
Aug 21 2020 01 0,319.99,1
Aug 23 2020 01 0,323.848,2
Aug 24 2020 01 0,315.137,4
Aug 25 2020 01 0,325.972,3
Aug 26 2020 01 0,329.54,1
Aug 27 2020 01 0,323.217,3
Aug 28 2020 01 0,329.57,2
Aug 29 2020 01 0,322.098,3
Aug 30 2020 01 0,320.7,8
Sep 01 2020 01 0,316.607,4
Sep 02 2020 01 0,301.815,2
Sep 03 2020 01 0,325.636,4
Sep 04 2020 01 0,315.698,1
Sep 05 2020 01 0,311.235,2
Sep 06 2020 01 0,335.921,2
Sep 07 2020 01 0,292.49,1
Sep 08 2020 01 0,344.208,1
Sep 09 2020 01 0,299.14,1
Sep 10 2020 01 0,319.286,1
Sep 12 2020 01 0,315.99,1
Sep 13 2020 01 0,317.7,1
Sep 14 2020 01 0,331.791,3
Sep 15 2020 01 0,321.39,2
Sep 17 2020 01 0,336.26,4
Sep 18 2020 01 0,312.029,3
Sep 19 2020 01 0,340.656,2
Sep 21 2020 01 0,356.23,1
Sep 22 2020 01 0,339.11,2
Sep 23 2020 01 0,351.378,2
Sep 24 2020 01 0,357.82,2
Sep 25 2020 01 0,339.627,3
Sep 26 2020 01 0,355.699,4
Sep 27 2020 01 0,345.746,3
Sep 28 2020 01 0,333.865,2
Sep 29 2020 01 0,320.947,5
Sep 30 2020 01 0,323,1
Oct 02 2020 01 0,329.364,2
Oct 03 2020 01 0,335.846,1
Oct 04 2020 01 0,340.731,6
Oct 05 2020 01 0,357.597,1
Oct 06 2020 01 0,347.883,3
Oct 08 2020 01 0,357.659,2
Oct 09 2020 01 0,357.48,1
Oct 10 2020 01 0,359.028,3
Oct 11 2020 01 0,363.116,2
Oct 12 2020 01 0,338.23,1
Oct 13 2020 01 0,347.04,2
Oct 14 2020 01 0,350.564,1
Oct 15 2020 01 0,368.205,2
Oct 16 2020 01 0,374.53,1
Oct 17 2020 01 0,338.013,3
Oct 18 2020 01 0,330,1
Oct 19 2020 01 0,392.606,2
Oct 21 2020 01 0,350.002,2
Oct 22 2020 01 0,379.399,1
Oct 23 2020 01 0,336.318,3
Oct 26 2020 01 0,352.585,2
Oct 27 2020 01 0,330,1
Oct 29 2020 01 0,334.377,5
Oct 30 2020 01 0,350.74,2
Oct 31 2020 01 0,374.99,1
Nov 01 2020 01 0,353.621,3
Nov 02 2020 01 0,367.266,2
Nov 03 2020 01 0,341.836,7
Nov 04 2020 01 0,298.19,2
Nov 06 2020 01 0,369.97,1
Nov 08 2020 01 0,354.795,1
Nov 09 2020 01 0,332.372,2
Nov 10 2020 01 0,331.475,2
Nov 11 2020 01 0,370.013,1
Nov 13 2020 01 0,355.53,3
Nov 14 2020 01 0,337.111,2
Nov 15 2020 01 0,364.023,4
Nov 17 2020 01 0,352.601,1
Nov 18 2020 01 0,332,1
Nov 19 2020 01 0,315.665,2
Nov 20 2020 01 0,372.231,1
Nov 21 2020 01 0,342.469,3
Nov 23 2020 01 0,353.738,2
Nov 24 2020 01 0,333.15,2
Nov 25 2020 01 0,332.93,1
Nov 26 2020 01 0,341.83,1
Nov 27 2020 01 0,327.01,1
Nov 28 2020 01 0,316.295,4
Dec 02 2020 01 0,314.53,1
Dec 03 2020 01 0,316.629,5
Dec 04 2020 01 0,319.551,5
Dec 05 2020 01 0,340.308,6
Dec 06 2020 01 0,359.995,1
Dec 07 2020 01 0,315.912,1
Dec 08 2020 01 0,325.546,2
Dec 09 2020 01 0,299.488,2
Dec 10 2020 01 0,295.721,6
Dec 11 2020 01 0,306.219,4
Dec 12 2020 01 0,290.95,1
Dec 13 2020 01 0,322.56,2
Dec 15 2020 01 0,317.691,2
Dec 16 2020 01 0,330.125,3
Dec 18 2020 01 0,331.036,2
Dec 19 2020 01 0,334.451,4
Dec 20 2020 01 0,331.903,4
Dec 21 2020 01 0,328.03,1
Dec 22 2020 01 0,339.637,2
Dec 23 2020 01 0,333.1,2
Dec 25 2020 01 0,374.757,2
Dec 26 2020 01 0,368.56,2
Dec 28 2020 01 0,353.5,2
Dec 29 2020 01 0,345,1
Dec 30 2020 01 0,375.097,5
Dec 31 2020 01 0,361.463,3
Jan 01 2021 01 0,380.899,2
Jan 02 2021 01 0,396.303,1
Jan 03 2021 01 0,388.005,2
Jan 04 2021 01 0,396.89,1
Jan 05 2021 01 0,384.825,2
Jan 06 2021 01 0,384.705,6
Jan 07 2021 01 0,387.704,4
Jan 08 2021 01 0,386.47,5
Jan 09 2021 01 0,388.786,2
Jan 10 2021 01 0,376.29,4
Jan 11 2021 01 0,379.35,2
Jan 12 2021 01 0,385.56,2
Jan 13 2021 01 0,400.649,1
Jan 14 2021 01 0,437,1
Jan 15 2021 01 0,430.14,1
Jan 16 2021 01 0,442.996,1
Jan 17 2021 01 0,395.671,3
Jan 18 2021 01 0,390.925,2
Jan 19 2021 01 0,379.99,1
Jan 20 2021 01 0,382.583,6
Jan 22 2021 01 0,389.674,3
Jan 24 2021 01 0,390.006,1
Jan 25 2021 01 0,386.227,4
Jan 27 2021 01 0,395.8,6
Jan 28 2021 01 0,380.351,1
Jan 29 2021 01 0,348.097,3
Jan 30 2021 01 0,397.074,2
Feb 02 2021 01 0,438.082,1
Feb 03 2021 01 0,370.072,2
Feb 04 2021 01 0,385.655,2
Feb 05 2021 01 0,407.65,2
Feb 06 2021 01 0,384.506,3
Feb 07 2021 01 0,395.446,4
Feb 09 2021 01 0,386.24,1
Feb 10 2021 01 0,368.794,4
Feb 12 2021 01 0,378.652,2
Feb 13 2021 01 0,408.657,3
Feb 16 2021 01 0,356,1
Feb 17 2021 01 0,371.659,4
Feb 18 2021 01 0,393.969,2
Feb 19 2021 01 0,373.418,2
Feb 20 2021 01 0,356.01,1
Feb 21 2021 01 0,358.08,1
Feb 22 2021 01 0,392.456,2
Feb 24 2021 01 0,367.871,1
Feb 25 2021 01 0,357.3,1
Feb 27 2021 01 0,370.99,1
Feb 28 2021 01 0,375.345,2
Mar 01 2021 01 0,359.485,2
Mar 02 2021 01 0,408.827,2
Mar 03 2021 01 0,409.947,4
Mar 04 2021 01 0,413.982,1
Mar 05 2021 01 0,399,1
Mar 06 2021 01 0,418.359,4
Mar 07 2021 01 0,393.442,5
Mar 08 2021 01 0,379.892,5
Mar 09 2021 01 0,401.633,2
Mar 11 2021 01 0,405.373,3
Mar 12 2021 01 0,404.065,2
Mar 13 2021 01 0,398.525,4
Mar 14 2021 01 0,417.395,4
Mar 15 2021 01 0,415.444,3
Mar 16 2021 01 0,426.015,2
Mar 17 2021 01 0,406.486,3
Mar 19 2021 01 0,434.802,3
Mar 20 2021 01 0,427.184,3
Mar 21 2021 01 0,410.2,1
Mar 22 2021 01 0,422.328,2
Mar 23 2021 01 0,414.698,4
Mar 24 2021 01 0,409.49,1
Mar 25 2021 01 0,428.004,2
Mar 26 2021 01 0,437.634,3
Mar 27 2021 01 0,444.919,4
Mar 28 2021 01 0,439,1
Mar 29 2021 01 0,469.005,1
Mar 31 2021 01 0,466.714,1
Apr 02 2021 01 0,440.65,1
Apr 03 2021 01 0,459.755,2
Apr 07 2021 01 0,458.097,2
Apr 08 2021 01 0,440.987,4
Apr 09 2021 01 0,446.8,7
Apr 12 2021 01 0,433.952,2
Apr 13 2021 01 0,454.64,1
Apr 15 2021 01 0,433.873,3
Apr 16 2021 01 0,434.329,2
Apr 17 2021 01 0,454.17,1
Apr 18 2021 01 0,442.577,6
Apr 19 2021 01 0,454.406,2
Apr 20 2021 01 0,461.322,2
Apr 21 2021 01 0,446.202,2
Apr 22 2021 01 0,440.707,4
Apr 23 2021 01 0,460,1
Apr 24 2021 01 0,452.845,2
Apr 27 2021 01 0,444.005,2
Apr 28 2021 01 0,416.02,2
Apr 29 2021 01 0,420.47,1
May 01 2021 01 0,459.995,1
May 04 2021 01 0,460.24,1
May 05 2021 01 0,451.1,3
May 07 2021 01 0,455,1
May 09 2021 01 0,466.752,4
May 11 2021 01 0,461.694,2
May 12 2021 01 0,456.975,2
May 13 2021 01 0,447.74,1
May 14 2021 01 0,446.58,2
May 15 2021 01 0,459.05,1
May 16 2021 01 0,496.988,1
May 17 2021 01 0,554.14,1
May 19 2021 01 0,497.517,1
May 20 2021 01 0,470.045,2
May 22 2021 01 0,497.556,2
May 23 2021 01 0,475.38,1
May 24 2021 01 0,477.29,1
May 25 2021 01 0,483.472,2
May 26 2021 01 0,516.12,2
May 27 2021 01 0,560.014,1
May 28 2021 01 0,496.66,1
May 29 2021 01 0,506.81,2
May 30 2021 01 0,504.915,2
May 31 2021 01 0,534.75,1
Jun 02 2021 01 0,501.3,1
Jun 04 2021 01 0,484.167,2
Jun 05 2021 01 0,547.28,1
Jun 06 2021 01 0,545.677,1
Jun 07 2021 01 0,511.32,2
Jun 09 2021 01 0,530.325,2
Jun 11 2021 01 0,507.26,1
Jun 13 2021 01 0,514.712,4
Jun 14 2021 01 0,505.15,1
Jun 15 2021 01 0,531.88,1
Jun 16 2021 01 0,497.421,4
Jun 17 2021 01 0,518.599,3
Jun 18 2021 01 0,489.1,1
Jun 19 2021 01 0,476.62,1
Jun 20 2021 01 0,484.48,2
Jun 21 2021 01 0,466.524,5
Jun 23 2021 01 0,458.73,1
Jun 24 2021 01 0,485.572,3
Jun 25 2021 01 0,503.072,2
Jun 26 2021 01 0,465.8,1
Jun 27 2021 01 0,474.867,3
Jun 28 2021 01 0,468.95,3
Jun 30 2021 01 0,465.221,4
Jul 02 2021 01 0,482.04,1
Jul 03 2021 01 0,443.34,2
Jul 04 2021 01 0,458.377,3
Jul 05 2021 01 0,433.06,1
Jul 06 2021 01 0,436.803,3
Jul 07 2021 01 0,485.648,2
Jul 08 2021 01 0,473.109,3
Jul 09 2021 01 0,474.3,2
Jul 12 2021 01 0,431.083,2
Jul 14 2021 01 0,445,1
Jul 15 2021 01 0,433.411,1
Jul 16 2021 01 0,425,1
Jul 17 2021 01 0,411.09,1
Jul 18 2021 01 0,413.362,4
Jul 19 2021 01 0,414.477,3
Jul 20 2021 01 0,462.085,5
Jul 23 2021 01 0,439.56,2
Jul 25 2021 01 0,445,1
Jul 26 2021 01 0,461.871,4
Jul 27 2021 01 0,474.62,1
Jul 28 2021 01 0,452.117,3
Jul 30 2021 01 0,438.558,5
Jul 31 2021 01 0,450.47,2
Aug 01 2021 01 0,450.4,1
Aug 02 2021 01 0,451.5,1
Aug 03 2021 01 0,453.8,2
Aug 04 2021 01 0,454.699,1
Aug 05 2021 01 0,462.857,3
Aug 06 2021 01 0,451.99,3
Aug 07 2021 01 0,468.518,2
Aug 08 2021 01 0,450,1
Aug 09 2021 01 0,494.68,1
Aug 10 2021 01 0,447.59,2
Aug 11 2021 01 0,423.86,1
Aug 12 2021 01 0,424.09,1
Aug 13 2021 01 0,432.97,1
Aug 14 2021 01 0,451.403,3
Aug 17 2021 01 0,402.585,2
Aug 20 2021 01 0,404.015,2
Aug 21 2021 01 0,405.893,2
Aug 22 2021 01 0,410.439,3
Aug 23 2021 01 0,445.245,2
Aug 24 2021 01 0,459,1
Aug 26 2021 01 0,454.489,2
Aug 27 2021 01 0,405.39,1
Aug 28 2021 01 0,416.346,4
Aug 30 2021 01 0,438.737,1
Aug 31 2021 01 0,423.95,3
Sep 01 2021 01 0,438.086,3
Sep 02 2021 01 0,454.75,2
Sep 03 2021 01 0,413.93,1
Sep 05 2021 01 0,424.13,1
Sep 08 2021 01 0,463.28,1
Sep 09 2021 01 0,428,1
Sep 10 2021 01 0,381.22,1
Sep 12 2021 01 0,519.16,1
Sep 13 2021 01 0,418,1
Sep 16 2021 01 0,419.208,5
Sep 17 2021 01 0,426.916,1
Sep 18 2021 01 0,417.1,1
Sep 19 2021 01 0,438.951,5
Sep 21 2021 01 0,405,1
Sep 22 2021 01 0,385.401,3
Sep 23 2021 01 0,363.389,3
Sep 24 2021 01 0,400.591,4
Sep 25 2021 01 0,354.404,2
Sep 26 2021 01 0,421.817,2
Sep 27 2021 01 0,389.043,3
Sep 28 2021 01 0,373.55,1
Sep 29 2021 01 0,391.405,7
Oct 02 2021 01 0,408.307,4
Oct 04 2021 01 0,392.27,1
Oct 05 2021 01 0,423.358,1
Oct 06 2021 01 0,416.528,2
Oct 07 2021 01 0,396.49,1
Oct 08 2021 01 0,410.285,2
Oct 09 2021 01 0,408.284,5
Oct 10 2021 01 0,405.879,2
Oct 11 2021 01 0,430.008,1
Oct 14 2021 01 0,500.008,1
Oct 15 2021 01 0,410.201,2
Oct 16 2021 01 0,448.32,1
Oct 18 2021 01 0,449.87,1
Oct 19 2021 01 0,411.2,1
Oct 20 2021 01 0,409.01,1
Oct 21 2021 01 0,410.056,2
Oct 23 2021 01 0,445.87,1
Oct 25 2021 01 0,451.34,2
Oct 27 2021 01 0,409.835,4
Oct 28 2021 01 0,396.054,4
Oct 29 2021 01 0,391.27,5
Oct 30 2021 01 0,442.351,3
Nov 01 2021 01 0,429.739,2
Nov 02 2021 01 0,422.396,3
Nov 03 2021 01 0,452.67,1
Nov 04 2021 01 0,424.092,4
Nov 06 2021 01 0,420.876,3
Nov 07 2021 01 0,408.065,2
Nov 08 2021 01 0,436.42,1
Nov 09 2021 01 0,396.56,2
Nov 10 2021 01 0,382.947,4
Nov 12 2021 01 0,396.153,3
Nov 13 2021 01 0,411.97,1
Nov 14 2021 01 0,391.129,3
Nov 16 2021 01 0,400.29,1
Nov 17 2021 01 0,421.79,2
Nov 18 2021 01 0,444.43,1
Nov 20 2021 01 0,405.73,1
Nov 21 2021 01 0,411.468,3
Nov 22 2021 01 0,442.653,1
Nov 23 2021 01 0,377.034,2
Nov 24 2021 01 0,422.258,1
Nov 25 2021 01 0,383.61,1
Nov 26 2021 01 0,390.782,3
Nov 27 2021 01 0,396.625,2
Nov 28 2021 01 0,435.001,1
Nov 29 2021 01 0,429.585,3
Dec 02 2021 01 0,386.955,2
Dec 03 2021 01 0,441.906,1
Dec 04 2021 01 0,397.119,3
Dec 05 2021 01 0,442.883,2
Dec 07 2021 01 0,422.69,1
Dec 08 2021 01 0,424.095,2
Dec 09 2021 01 0,433.314,3
Dec 10 2021 01 0,434.262,2
Dec 12 2021 01 0,433.745,2
Dec 14 2021 01 0,415.275,2
Dec 15 2021 01 0,409.615,4
Dec 16 2021 01 0,418.913,3
Dec 18 2021 01 0,399.075,2
Dec 19 2021 01 0,446.6,1
Dec 20 2021 01 0,423.505,3
Dec 23 2021 01 0,446.963,2
Dec 25 2021 01 0,441.886,1
Dec 26 2021 01 0,446.653,3
Dec 27 2021 01 0,448.796,3
Dec 28 2021 01 0,417.88,1
Dec 29 2021 01 0,457.097,2
Dec 30 2021 01 0,423.23,2
Dec 31 2021 01 0,443.742,3
Jan 02 2022 01 0,444.474,2
Jan 03 2022 01 0,453.737,1
Jan 04 2022 01 0,447.63,3
Jan 05 2022 01 0,482.993,1
Jan 09 2022 01 0,478.082,2
Jan 10 2022 01 0,450.04,1
Jan 11 2022 01 0,476.148,3
Jan 12 2022 01 0,456.375,2
Jan 13 2022 01 0,453.251,4
Jan 14 2022 01 0,479.411,2
Jan 16 2022 01 0,465,1
Jan 17 2022 01 0,497.3,2
Jan 18 2022 01 0,538.848,1
Jan 19 2022 01 0,477.342,3
Jan 21 2022 01 0,468.17,1
Jan 22 2022 01 0,469.2,1
Jan 23 2022 01 0,460,1
Jan 26 2022 01 0,485.325,1
Jan 28 2022 01 0,436.95,1
Jan 30 2022 01 0,423.171,4
Jan 31 2022 01 0,416.1,1
Feb 01 2022 01 0,449.269,2
Feb 02 2022 01 0,423.06,1
Feb 03 2022 01 0,426.999,2
Feb 04 2022 01 0,485.45,1
Feb 05 2022 01 0,468.99,3
Feb 06 2022 01 0,435.12,3
Feb 08 2022 01 0,435.041,2
Feb 09 2022 01 0,483.686,2
Feb 10 2022 01 0,444.635,1
Feb 13 2022 01 0,435.57,1
Feb 15 2022 01 0,440.1,2
Feb 16 2022 01 0,438.59,2
Feb 17 2022 01 0,449.375,2
Feb 18 2022 01 0,504.97,1
Feb 20 2022 01 0,508.25,1
Feb 21 2022 01 0,461.262,3
Feb 22 2022 01 0,476,2
Feb 23 2022 01 0,443.82,1
Feb 26 2022 01 0,442.26,1
Feb 27 2022 01 0,445.716,3
Feb 28 2022 01 0,475.011,1
Mar 02 2022 01 0,474.797,2
Mar 04 2022 01 0,479.851,1
Mar 05 2022 01 0,488.594,1
Mar 06 2022 01 0,500.98,1
Mar 07 2022 01 0,449.71,1
Mar 08 2022 01 0,482.103,2
Mar 09 2022 01 0,490.403,1
Mar 10 2022 01 0,474.58,1
Mar 12 2022 01 0,481.448,2
Mar 13 2022 01 0,507.394,1
Mar 14 2022 01 0,472.535,4
Mar 16 2022 01 0,463.07,1
Mar 17 2022 01 0,476.425,3
Mar 18 2022 01 0,465,1
Mar 19 2022 01 0,540.346,1
Mar 20 2022 01 0,540.246,2
Mar 22 2022 01 0,507.178,2
Mar 23 2022 01 0,497.06,2
Mar 25 2022 01 0,492.115,5
Mar 26 2022 01 0,477.71,1
Mar 28 2022 01 0,515.09,1
Mar 30 2022 01 0,494.784,2
Mar 31 2022 01 0,524.24,1
Apr 02 2022 01 0,541.57,1
Apr 05 2022 01 0,507.5,1
Apr 06 2022 01 0,527.908,3
Apr 08 2022 01 0,507.24,1
Apr 10 2022 01 0,486.91,1
Apr 11 2022 01 0,531.09,1
Apr 13 2022 01 0,509.04,2
Apr 15 2022 01 0,514.2,1
Apr 16 2022 01 0,525.732,3
Apr 17 2022 01 0,516.42,2
Apr 18 2022 01 0,591.419,3
Apr 20 2022 01 0,518.317,3
Apr 21 2022 01 0,519.34,1
Apr 22 2022 01 0,519.8,1
Apr 24 2022 01 0,536.464,5
Apr 29 2022 01 0,507.527,5
Apr 30 2022 01 0,604,1
May 01 2022 01 0,516.51,1
May 03 2022 01 0,546.09,2
May 05 2022 01 0,595.614,2
May 07 2022 01 0,510.62,1
May 08 2022 01 0,557.896,1
May 09 2022 01 0,577.153,3
May 10 2022 01 0,510,1
May 11 2022 01 0,505.05,1
May 15 2022 01 0,533.655,4
May 17 2022 01 0,543.339,2
May 18 2022 01 0,514.08,4
May 20 2022 01 0,552.11,2
May 22 2022 01 0,502.938,1
May 23 2022 01 0,483.49,2
May 26 2022 01 0,485,1
May 27 2022 01 0,486.671,1
May 30 2022 01 0,520.055,2
May 31 2022 01 0,483.875,2
Jun 02 2022 01 0,499.99,1
Jun 04 2022 01 0,487.484,3
Jun 05 2022 01 0,485.92,1
Jun 06 2022 01 0,487.21,2
Jun 07 2022 01 0,486.4,1
Jun 08 2022 01 0,506.6,2
Jun 09 2022 01 0,498.789,2
Jun 11 2022 01 0,583.616,1
Jun 14 2022 01 0,501.257,3
Jun 15 2022 01 0,462.26,1
Jun 17 2022 01 0,455.663,4
Jun 19 2022 01 0,470.41,1
Jun 20 2022 01 0,467.898,4
Jun 21 2022 01 0,490.56,2
Jun 22 2022 01 0,462.27,1
Jun 23 2022 01 0,437.03,1
Jun 24 2022 01 0,474.61,1
Jun 26 2022 01 0,565.005,1
Jun 28 2022 01 0,568.73,1
Jun 29 2022 01 0,485.04,1
Jul 01 2022 01 0,495,1
Jul 04 2022 01 0,488.515,2
Jul 06 2022 01 0,489.416,2
Jul 07 2022 01 0,489.76,3
Jul 08 2022 01 0,478.728,4
Jul 09 2022 01 0,505.6,2
Jul 10 2022 01 0,511.423,3
Jul 11 2022 01 0,529.032,2
Jul 14 2022 01 0,574.769,1
Jul 15 2022 01 0,491.295,2
Jul 16 2022 01 0,527.001,2
Jul 18 2022 01 0,554.072,2
Jul 20 2022 01 0,577.506,2
Jul 21 2022 01 0,551.338,3
Jul 22 2022 01 0,508.135,2
Jul 23 2022 01 0,520.546,3
Jul 24 2022 01 0,512.921,3
Jul 25 2022 01 0,507.52,2
Jul 26 2022 01 0,534.681,2
Jul 27 2022 01 0,561.645,2
Jul 29 2022 01 0,508.551,1
Jul 30 2022 01 0,581.611,1
Jul 31 2022 01 0,511.44,1
Aug 01 2022 01 0,503.087,5
Aug 03 2022 01 0,499.99,1
Aug 04 2022 01 0,535.309,2
Aug 05 2022 01 0,515.57,1
Aug 07 2022 01 0,545.989,3
Aug 08 2022 01 0,519.17,1
Aug 09 2022 01 0,520.41,1
Aug 10 2022 01 0,553.529,5
Aug 11 2022 01 0,580.647,2
Aug 12 2022 01 0,522.24,1
Aug 13 2022 01 0,524.53,1
Aug 15 2022 01 0,585.071,1
Aug 16 2022 01 0,517.5,1
Aug 17 2022 01 0,499.99,1
Aug 18 2022 01 0,533.366,2
Aug 19 2022 01 0,518.1,1
Aug 20 2022 01 0,554.366,3
Aug 21 2022 01 0,544.94,2
Aug 22 2022 01 0,519.78,2
Aug 23 2022 01 0,572.73,1
Aug 24 2022 01 0,514.248,2
Aug 25 2022 01 0,534.071,2
Aug 26 2022 01 0,507.753,4
Aug 29 2022 01 0,578.582,1
Aug 30 2022 01 0,546.078,2
Sep 01 2022 01 0,520,1
Sep 02 2022 01 0,547.733,2
Sep 03 2022 01 0,544.645,2
Sep 04 2022 01 0,574.88,1
Sep 05 2022 01 0,501.15,2
Sep 07 2022 01 0,574.08,1
Sep 09 2022 01 0,545.69,2
Sep 10 2022 01 0,558.122,3
Sep 11 2022 01 0,577.529,1
Sep 12 2022 01 0,528.093,1
Sep 14 2022 01 0,516.795,2
Sep 16 2022 01 0,542.94,1
Sep 17 2022 01 0,507.085,4
Sep 18 2022 01 0,520.57,2
Sep 19 2022 01 0,491.453,2
Sep 24 2022 01 0,502.386,1
Sep 25 2022 01 0,513.545,2
Sep 27 2022 01 0,501.361,4
Sep 28 2022 01 0,489.97,2
Sep 29 2022 01 0,480.44,2
Sep 30 2022 01 0,531.04,1
Oct 01 2022 01 0,563.5,1
Oct 02 2022 01 0,579.37,1
Oct 05 2022 01 0,542.19,3
Oct 06 2022 01 0,550.014,1
Oct 07 2022 01 0,534.575,2
Oct 08 2022 01 0,560.68,2
Oct 09 2022 01 0,545,1
Oct 10 2022 01 0,549.015,2
Oct 11 2022 01 0,534.655,2
Oct 12 2022 01 0,497.87,1
Oct 13 2022 01 0,549.78,1
Oct 14 2022 01 0,549.84,1
Oct 16 2022 01 0,545,1
Oct 17 2022 01 0,537.685,2
Oct 19 2022 01 0,520.68,1
Oct 20 2022 01 0,554.357,3
Oct 21 2022 01 0,587.47,1
Oct 26 2022 01 0,600.3,1
Oct 29 2022 01 0,572.98,1
Oct 30 2022 01 0,567.96,1
Nov 02 2022 01 0,613.205,2
Nov 03 2022 01 0,528.05,1
Nov 04 2022 01 0,536.527,3
Nov 05 2022 01 0,555,1
Nov 06 2022 01 0,562.03,1
Nov 08 2022 01 0,639.808,1
Nov 10 2022 01 0,549.38,3
Nov 11 2022 01 0,567.47,1
Nov 12 2022 01 0,574.993,1
Nov 15 2022 01 0,608.233,1
Nov 17 2022 01 0,540.4,2
Nov 19 2022 01 0,489.99,1
Nov 20 2022 01 0,481.9,1
Nov 21 2022 01 0,543.667,2
Nov 23 2022 01 0,524.7,2
Nov 24 2022 01 0,524.735,2
Nov 25 2022 01 0,524.175,2
Nov 26 2022 01 0,558.023,1
Nov 27 2022 01 0,574.999,1
Nov 29 2022 01 0,525.04,1
Nov 30 2022 01 0,529.38,1
Dec 01 2022 01 0,577.99,2
Dec 02 2022 01 0,568,1
Dec 04 2022 01 0,576,1
Dec 06 2022 01 0,576.58,1
Dec 08 2022 01 0,604.906,1
Dec 09 2022 01 0,606,1
Dec 10 2022 01 0,623.73,2
Dec 18 2022 01 0,614.14,2
Dec 19 2022 01 0,632.672,1
Dec 22 2022 01 0,635,1
Dec 23 2022 01 0,670.633,2
Dec 24 2022 01 0,603.42,1
Dec 28 2022 01 0,743.466,1
Dec 30 2022 01 0,575.88,1
Jan 01 2023 01 0,614.008,1
Jan 02 2023 01 0,336.371,2
Jan 03 2023 01 0,672.006,1
Jan 04 2023 01 0,561.573,2
Jan 05 2023 01 0,606.021,1
Jan 07 2023 01 0,566.26,1
Jan 13 2023 17 0,671.04,1
Jan 14 2023 06 0,600,1
Jan 16 2023 20 0,669.996,1
Jan 20 2023 02 0,622.667,1
Jan 22 2023 09 0,569.02,1
Jan 24 2023 04 0,639.97,1
Jan 25 2023 14 0,577.423,1
Jan 26 2023 20 0,580.951,1
Jan 27 2023 05 0,576.762,1
Jan 27 2023 21 0,579.09,1
Jan 28 2023 19 0,580.47,1
Jan 30 2023 10 0,580.47,1
Jan 31 2023 23 0,602.08,1
Feb 02 2023 01 0,642.9,1
Feb 04 2023 16 0,588.53,1
Feb 05 2023 10 0,604.257,2
Feb 08 2023 02 0,594.987,1
Feb 08 2023 06 0,632.912,1
